Pharmaceutical Products,ATC Code,Unit Size,Unit,Price Level Indicator,Route of Administration,Active Ingredients
Abacavi & Lamivudine 600mg+300mg tab,J05AR02,30,Tabs/Caps,VIII,Oral,Lamivudine and abacavir
Abacavir 300mg t/c,J05AF06,60,Tabs/Caps,VIII,Oral,Abacavir
Abiraterone acetate 250mg tab,L02BX03,120,Tabs/Caps,X,Oral,abiraterone
Acenocoumarol 4mg tab,B01AA07,20,Tabs/Caps,II,Oral,Acenocoumarol
Acetazolamide Bp 250mg tab,S01EC01,30,Tabs/Caps,I,Oral,Acetazolamide
Acetazolamide Sodium 500mg inj,S01EC01,1,Amp/Vial,III,Parenteral,Acetazolamide
Acetyl Cysteine 600mg caps,V03AB23,60,Tabs/Caps,IV,Oral,Acetylcysteine
Acetylcholine Chloride 20mg i.o. inj,S01EB09,1,Amp/Vial,III,Intraoccular,Acetylcholine
Acetylcysteine 2g inj,V03AB23,1,Amp/Vial,II,Parenteral,Acetylcysteine
Acetylsalicylic Acid 1g inj,N02BA01,1,Amp/Vial,II,Parenteral,Acetylsalicylic acid
Acetylsalicylic Acid 325mg ect,B01AC06,20,Tabs/Caps,I,Oral,Acetylsalicylic acid
Acetylsalicylic Acid 75mg disp.,B01AC06,120,Tabs/Caps,I,Oral,Acetylsalicylic acid
Aciclovir >5g 5% cream,D06BB03,1,Tube,II,Topical,Aciclovir
Aciclovir 200mg tab,J05AB01,30,Tabs/Caps,II,Oral,Aciclovir
Aciclovir 200mg/5ml syr,J05AB01,1,Bottle,III,Oral,Aciclovir
Aciclovir 250mg inj,J05AB01,1,Amp/Vial,II,Parenteral,Aciclovir
Aciclovir 3% eye.oint,S01AD03,1,Tube,III,Ocular,Aciclovir
Aciclovir 400mg tab,J05AB01,30,Tabs/Caps,II,Oral,Aciclovir
Aciclovir 5g 5% cream,D06BB03,1,Tube,I,Topical,Aciclovir
Acitretin 10mg caps,D05BB02,30,Tabs/Caps,IV,Oral,Acitretin
Acitretin 25mg caps,D05BB02,30,Tabs/Caps,V,Oral,Acitretin
Adalimumab 40mg inj,L04AB04,1,Syringe / Vials,VIII,Parenteral,Adalimumab
"Adapalene 0,1% topical gel",D10AD03,1,Tube,II,Topical,Adapalene
Adefovir 10mg tab,J05AF08,30,Tabs/Caps,VIII,Oral,Adefovir dipivoxil
Adenosine 6mg inj,C01EB10,1,Amp/Vial,II,Parenteral,Adenosine
Adrenaline 1mg inj,C01CA24,1,Amp/Vial,I,Parenteral,Epinephrine and other drugs for obstructive airway diseases
Adrenaline Acid Tartrate 0.01% w/v inj,C01CA24,1,Syringe / Vials,III,Parenteral,Epinephrine
Albendazole 200mg tab,P02CA03,2,Tabs/Caps,II,Oral,Albendazole
"Albumin Human 20%, 50ml inj",B05AA01,1,Amp/Vial,IV,Parenteral,Albumin
Alendronic Acid 70mg tab,M05BA04,4,Tabs/Caps,I,Oral,Alendronic acid
Alfacalcidol 1mcg caps,A11CC03,100,Tabs/Caps,IV,Oral,Alfacalcidol
Alfacalcidol 2mcg inj,A11CC03,1,Amp/Vial,III,Parenteral,Alfacalcidol
Alfacalcidol 2mcg/ml or.so.d,A11CC03,1,Bottle,IV,oral,Alfacalcidol
Alfentanil Hydrochloride 1mg inj,N01AH02,1,Amp/Vial,I,Parenteral,Alfentanil
Allopurinol Bp 100mg tab,M04AA01,50,Tabs/Caps,I,Oral,Allopurinol
"Alprazolam 0,5mg tab",N05BA12,30,Tabs/Caps,I,Oral,Alprazolam
Alprostadil 500mcg inj,G02AD01,1,Amp/Vial,V,Parenteral,alprostadil
Alteplase 50mg inj,B01AD02,1,Amp/Vial,VIII,Parenteral,Alteplase
Alum Hydrox/MgOH300-500ml oral.susp,A02AD01,1,Bottle,II,Oral,Aluminium Hydroxide and Magnesium Hydroxide
"Alumin Hydr&Magnes 0,25&500mg tab",A02AD01,50,Tabs/Caps,II,Oral,Aluminium Hydroxide and Magnesium Hydroxide
Amantadine Hcl 100mg caps,N04BB01,56,Tabs/Caps,III,Oral,Amantadine
Ambrisentan 10mg Tabs,C02KX02,30,Tabs/Caps,X,Oral,Ambrisentan
Ambrisentan 5mg Tabs,C02KX02,30,Tabs/Caps,X,Oral,Ambrisentan
Ambroxol 15mg/5ml syr,R05CB06,1,Bottle,I,Oral,Ambroxol
Ambroxol Hydrochloride 15mg inj,R05CB06,1,Amp/Vial,I,Parenteral,Ambroxol
Amikacin Sulphate 500mg inj,J01GB06,1,Amp/Vial,I,Parenteral,Amikacin
Amiloride Hcl 5mg tab,C03DB01,20,Tabs/Caps,I,Oral,Amiloride
Aminophyllin 250mg inj,R03DA05,1,Amp/Vial,I,Parenteral,Aminophylline
Aminophylline 225mg srt,R03DA05,60,Tabs/Caps,II,Oral,Aminophylline
Amiodarone Hcl 200mg tab,C01BD01,60,Tabs/Caps,II,Oral,Amiodarone
Amiodarone Hcl 30mg/ml inj,C01BD01,1,Syringe / Vials,IV,Parenteral,Amiodarone
Amiodarone Hydrochloride 150mg inj,C01BD01,1,Amp/Vial,I,Parenteral,Amiodarone
Amisulpride 200mg tab,N05AL05,30,Tabs/Caps,III,Oral,Amisulpride
Amisulpride 400mg tab,N05AL05,30,Tabs/Caps,III,Oral,Amisulpride
Amitriptyline 25mg src,N06AA09,30,Tabs/Caps,II,Oral,Amitriptyline
Amitriptyline 50mg src,N06AA09,30,Tabs/Caps,II,Oral,Amitriptyline
Amitriptyline Bp 10mg tab,N06AA09,30,Tabs/Caps,I,Oral,Amitriptyline
Amitriptyline Bp 25mg tab,N06AA09,50,Tabs/Caps,II,Oral,Amitriptyline
Amlodipine 10mg tab,C08CA01,28,Tabs/Caps,I,Oral,Amlodipine
Amlodipine 5mg tab,C08CA01,140,Tabs/Caps,II,Oral,Amlodipine
"Amoxic&Clav 250&62-62,5mg/5ml oral.susp",J01CR02,1,Bottle,II,Oral,Amoxicillin and enzyme inhibitor
Amoxic.1000mg+Clavu.200mg pd sol Inj,J01CR02,1,Amp/Vial,II,Parenteral,Amoxicillin and enzyme inhibitor
Amoxicillin+Clavul Acid 500mg/125mgtab,J01CR02,20,Tabs/Caps,II,Oral,Amoxicillin and enzyme inhibitor
Amoxycillin Bp 500mg caps,J01CA04,100,Tabs/Caps,II,Oral,Amoxicillin
Amoxycillin Usp 250mg/5ml oral.susp,J01CA04,1,Bottle,II,Oral,Amoxicillin
Amphotericin B Lipid (Ambisome)50mg inj,J02AA01,1,Amp/Vial,VII,Parenteral,Amphotericin B
Amphotericin-B 50mg inj,J02AA01,1,Amp/Vial,III,Parenteral,Amphotericin B
Ampicillin & Sulbactam 3.0g inj,J01CR01,1,Amp/Vial,III,Parenteral,Ampicillin and enzyme inhibitor
Ampicillin Bp 500mg caps,J01CA01,100,Tabs/Caps,III,Oral,Ampicillin
Ampicillin Sodium 1g inj,J01CA01,1,Amp/Vial,I,Parenteral,Ampicillin
Ampicillin Sodium 500mg inj,J01CA01,1,Amp/Vial,I,Parenteral,Ampicillin
Anagrelide Hcl 0.5mg caps,L01XX35,1,Tabs/Caps,VI,Oral,Anagrelide
Anastrozole 1mg tab,L02BG03,28,Tabs/Caps,II,Oral,Anastrozole
"Antazolin hcl&Tetr.hcl 0,5%&0,04% ey.dro",S01GA52,1,Drop bottle,II,Ocular,"Tetryzoline, combinations"
"Anthraq Gly0,5% Salic1% mouth.drop",A01A,1,Bottle,II,Oromucosal,salicylic acid
Anti Hemorrhoid co steroid Cream/Oint,C05AA01,1,Tube,II,Topical,Cinchocaine and corticosteroid
Anti Hemorrhoid Cream/Oint,C05AX03,1,Tube,II,Topical,Cinchocaine
Aprepitant (1x125mg/2x80mg) caps,A04AD12,1,Pack,VI,Oral,Aprepitant
Aquathenol cream,D03AX,1,Tube,III,Topical,Aquathenol cream
Aripiprazole 10mg tab,N05AX12,28,Tabs/Caps,VI,Oral,Aripiprazole
Aripiprazole 15mg tab,N05AX12,28,Tabs/Caps,VI,Oral,Aripiprazole
Aripiprazole 30mg tab,N05AX12,28,Tabs/Caps,VII,Oral,Aripiprazole
"Articaine&Epinephrine (72+0,018)mg inj",N01BB52,1,Cartridge / Pen,I,Parenteral,"Lidocaine, combinations"
Ascorbic Acid Bp 100mg tab,A11GA01,50,Tabs/Caps,I,Oral,Ascorbic acid (vit C)
Atazanavir (as sulphate) 300mg caps,J05AE08,30,Tabs/Caps,VIII,Oral,Atazanavir
Atenolol 100mg tab,C07AB03,60,Tabs/Caps,I,Oral,Atenolol
Atenolol 25mg tab,C07AB03,30,Tabs/Caps,I,Oral,Atenolol
Atenolol 50mg tab,C07AB03,60,Tabs/Caps,I,Oral,Atenolol
Atomoxetine (as hydrochloride)10mg Caps,N06BA09,28,Tabs/Caps,V,Oral,Atomoxetine
Atomoxetine (as hydrochloride)18mg Caps,N06BA09,28,Tabs/Caps,V,Oral,Atomoxetine
Atomoxetine (as hydrochloride)25mg Caps,N06BA09,28,Tabs/Caps,V,Oral,Atomoxetine
Atomoxetine (as hydrochloride)40mg Caps,N06BA09,28,Tabs/Caps,V,Oral,Atomoxetine
Atomoxetine (as hydrochloride)60mg Caps,N06BA09,28,Tabs/Caps,V,Oral,Atomoxetine
Atorvastatin 10mg tab,C10AA05,30,Tabs/Caps,I,Oral,Atorvastatin
Atorvastatin 20mg tab,C10AA05,30,Tabs/Caps,II,Oral,Atorvastatin
Atorvastatin 40mg tab,C10AA05,30,Tabs/Caps,II,Oral,Atorvastatin
Atracurium Besylate 25mg inj,M03AC04,1,Amp/Vial,I,Parenteral,Atracurium
Atracurium Besylate 50mg inj,M03AC04,1,Amp/Vial,II,Parenteral,Atracurium
Atropine 1% w/v ey.dro,S01FA01,1,Drop bottle,III,Ocular,Atropine
"Atropine Sulfate 0,5-0,6mg inj",A03BA01,1,Amp/Vial,I,Parenteral,Atropine
Atropine Sulphate 600mcg Sol.For Inj,A03BA01,1,Amp/Vial,III,Parenteral,Atropine
Atropine Sulphate 1mg inj,A03BA01,1,Amp/Vial,I,Parenteral,Atropine
Azacitidine 100mg inj,L01BC07,1,Amp/Vial,VIII,Parenteral,azacitidine
Azathioprine Bp 50mg tab,L04AX01,100,Tabs/Caps,III,Oral,Azathioprine
Azithromycin 500mg tab,J01FA10,3,Tabs/Caps,II,Oral,Azithromycin
"Azithromycin 200mg/5ml, 15ml oral.susp",J01FA10,1,Bottle,II,Oral,Azithromycin
"Azithromycin 200mg/5ml, 30ml oral.susp",J01FA10,1,Bottle,III,Oral,Azithromycin
Azithromycin 500mg inj,J01FA10,1,Amp/Vial,IV,Parenteral,Azithromycin
Bacillus Calm Guer.Vacc multi dose inj,J07AN01,1,Amp/Vial,IV,Parenteral,"Tuberculosis, live attenuated"
Baclofen 10mg tab,M03BX01,60,Tabs/Caps,II,Oral,Baclofen
Basiliximab 20mg inj,L04AC02,1,Amp/Vial,X,Parenteral,Basiliximab
"Beclometh 100mcg/d, 200d inh.sus.p",R03BA01,1,Canister,II,Inhalation,Beclometasone
Beclometh Dip 250mcg/d 200d inh.sus.p,R03BA01,1,Canister,II,Inhalation,Beclometasone
Bendamustine 100mg inj,L01AA09,1,Amp/Vial,VIII,Parenteral,bemdamustine
Bentonite Sterilised powd,D04AX,100,Gram,IV,Topical,bentonite
Benzhexol Bp 2mg tab,N04AA01,100,Tabs/Caps,II,Oral,Trihexyphenidyl
Benzhexol Bp 5mg tab,N04AA01,100,Tabs/Caps,II,Oral,Trihexyphenidyl
Benzocaine Local Anaesthetic Gel 20% gel,N01BA05,1,Tube,III,Topical,Benzocaine
"Benzoyl Perox&Hydroxyq 10%&0,5% cream",D10AE51,1,Tube,II,Topical,"Benzoyl peroxide, combinations"
Benzyl Benzoate 25-30% emul.ext.u,P03AX01,1,Bottle,II,Topical,Benzyl benzoate
Benzylpenicillin 1.000.000 I.U. inj,J01CE01,1,Amp/Vial,II,Parenteral,Benzylpenicillin
Betahistine Hcl 8mg tab,N07CA01,100,Tabs/Caps,II,Oral,Betahistine
"Betamethasone Valerate 0.1-0,13% lot",D07AC01,1,Bottle,I,Topical,Betamethasone
Betamethasone Valerate Bp 0.1% cream,D07AC01,1,Tube,I,Topical,Betamethasone
Betamethasone Valerate Bp 0.1% oint,D07AC01,1,Tube,II,Topical,Betamethasone
Bethanechol Chloride Usp 25mg tab,N07AB02,100,Tabs/Caps,V,Oral,Bethanechol
Bevacizumab 100mg inj,L01XC07,1,Amp/Vial,VIII,Parenteral,Bevacizumab
Bevacizumab 400mg inj,L01XC07,1,Amp/Vial,X,Parenteral,Bevacizumab
Bezafibrate 200mg tab,C10AB02,50,Tabs/Caps,II,Oral,Bezafibrate
Bicalutamide 50mg tab,L02BB03,28,Tabs/Caps,IV,Oral,Bicalutamide
Bifonazole 1% solut,D01AC10,1,Bottle,II,Topical,Bifonazole
Biperiden 2mg tab,N04AA02,50,Tabs/Caps,II,Oral,Biperiden
Biperiden 4mg srt,N04AA02,50,Tabs/Caps,II,Oral,Biperiden
Biperiden 5mg inj,N04AA02,1,Amp/Vial,I,Parenteral,Biperiden
Bisacodyl Bp 5mg tab,A06AB02,50,Tabs/Caps,II,Oral,Bisacodyl
Bismuth Subcitrate 120mg tab,A02BX05,112,Tabs/Caps,III,Oral,Bismuth subcitrate
Bleomycin Sulph or Hcl 15mg inj,L01DC01,1,Amp/Vial,IV,Parenteral,Bleomycin
"Bortezomib 3,5mg inj",L01XX32,1,Amp/Vial,X,Parenteral,Bortezomib
Bosentan 125mg tab,C02KX01,56,Tabs/Caps,X,Oral,Bosentan
"Bosentan 62,5mg tab",C02KX01,56,Tabs/Caps,X,Oral,Bosentan
Botulin Toxin 500 I.U. inj,M03AX01,1,Amp/Vial,VII,Parenteral,Botulinum toxin
Brinzolamide 10mg/ml ey.dro,S01EC04,1,Drop bottle,II,Ocular,Brinzolamide
"Bromocriptine Mesylate Bp 2,5mg tab",G02CB01,30,Tabs/Caps,II,Oral,Bromocriptine
Budesonide 3mg caps,A07EA06,20,Tabs/Caps,IV,Oral,Budesonide
"Budesonide Neb 0,5mg inh.ne.su",R03BA02,20,Amp/Vial,III,Inhalation,Budesonide
Bupivacaine Hcl Spinal Heavy 0.5%4ml inj,N01BB01,1,Amp/Vial,II,Parenteral,Bupivacaine
Bupivacaine Hydrochloride 100mg inj,N01BB01,1,Amp/Vial,II,Parenteral,Bupivacaine
BuprenHcl 8mg&Naloxone2mg tab,N07BC51,7,Tabs/Caps,IV,Oral,"Buprenorphine, combinations"
"BuprenHcl2mg&Naloxon.0,5mg tab",N07BC51,7,Tabs/Caps,III,Oral,"Buprenorphine, combinations"
Bupropion hydrochloride 150mg tab,N07BA02,60,Tabs/Caps,V,Oral,bupropion
Buserelin 7mg inj,L02AE01,1,Amp/Vial,IV,Parenteral,Buserelin
C1-Esterase Inhibitor 500 I.U. inj,B06AC01,1,Amp/Vial,VIII,Parenteral,C1-inhibitor
"Cabergoline 0,5mg tab",G02CB03,2,Tabs/Caps,IV,Oral,Cabergoline
Cabergoline 2mg tab,N04BC06,30,Tabs/Caps,V,Oral,Cabergoline
Calamine Lotion 100-200ml lot,D02AB,1,Bottle,I,Topical,calamine
Calcipotriol 50mcg/g cream,D05AX02,1,Tube,III,Topical,Calcipotriol
Calcipotriol 50mcg/g oint,D05AX02,1,Tube,III,Topical,Calcipotriol
"Calcipotriol&Betameth 0,005&0,05% oint",D05AX52,1,Tube,V,Topical,"Calcipotriol, combinations"
"Calcitonin 200 I.U./do, 14 doses nas.spr",H05BA01,1,Bottle,III,Nasal,Calcitonin (salmon synthetic)
Calcitonin Salmon Synth 100 I.U. inj,H05BA01,1,Amp/Vial,II,Parenteral,Calcitonin (salmon synthetic)
Calcium Acetate 1g tab,A12AA12,180,Tabs/Caps,IV,Oral,Calcium acetate anhydrous
Calcium Carbon.1000mg (Ca 400mg) tabs,A12AX,60,Tabs/Caps,II,Oral,calcium
Calcium Carbon.400mg& Vit.D 160I.U. Tabs,A12AX,72,Tabs/Caps,I,Oral,calcium
Calcium Chloride 10% pr.syr. inj,B05XA07,1,Syringe / Vials,III,Parenteral,Calcium chloride
Calcium Chloride 10%amp/vial inj,B05XA07,1,Amp/Vial,I,Parenteral,Calcium chloride
Calcium Dobesilate 250mg tab,C05BX01,30,Tabs/Caps,II,Oral,Calcium dobesilate
Calcium Dobesilate 500mg caps,C05BX01,60,Tabs/Caps,III,Oral,Calcium dobesilate
"Calcium Gluconate 10% inj, 10ml",A12AA03,1,Amp/Vial,I,Parenteral,Calcium gluconate
Calcium Lactate Bp 300mg tab,A12AA05,100,Tabs/Caps,II,Oral,Calcium lactate
Capecitabine 150mg tab,L01BC06,60,Tabs/Caps,V,Oral,Capecitabine
Capecitabine 500mg tab,L01BC06,120,Tabs/Caps,VIII,Oral,Capecitabine
Captopril 25mg tab,C09AA01,60,Tabs/Caps,I,Oral,Captopril
Carbamazepine 100mg/5ml syr,N03AF01,1,Bottle,II,Oral,Carbamazepine
Carbamazepine Bp 200mg tab,N03AF01,50,Tabs/Caps,I,Oral,Carbamazepine
Carbamazepine CR 200mg tab,N03AF01,50,Tabs/Caps,III,Oral,Carbamazepine
Carbamazepine CR 400mg tab,N03AF01,30,Tabs/Caps,II,Oral,Carbamazepine
Carbimazole Bp 5mg tab,H03BB01,100,Tabs/Caps,II,Oral,Carbimazole
"Carbomer 0,3% w/w eye.gel",S01XA20,1,Tube,II,Ocular,Artificial tears and other indifferent preparations
Carboplatin 150mg inj,L01XA02,1,Amp/Vial,IV,Parenteral,Carboplatin
Carboplatin 450mg inj,L01XA02,1,Amp/Vial,V,Parenteral,Carboplatin
Cardioplegia Solution 1000ml inj,B05XA16,10,Bt / Bag,VII,Parenteral,Cardioplegia solutions
Carmustine iv (Bicnu) 100mg inj,L01AD01,1,Amp/Vial,V,Parenteral,Carmustine
Carvedilol 25mg tab,C07AG02,50,Tabs/Caps,II,Oral,Carvedilol
"Carvedilol 6,25mg tab",C07AG02,60,Tabs/Caps,II,Oral,Carvedilol
Caspofungin 50mg inj,J02AX04,1,Amp/Vial,VIII,Parenteral,Caspofungin
Caspofungin 70mg inj,J02AX04,1,Amp/Vial,VIII,Parenteral,Caspofungin
Cefotaxime Sodium 1g inj,J01DD01,1,Amp/Vial,I,Parenteral,Cefotaxime
Ceftazidime 1g inj,J01DD02,1,Amp/Vial,II,Parenteral,Ceftazidime
Ceftriaxone 1g inj,J01DD04,1,Amp/Vial,I,Parenteral,Ceftriaxone
Cefuroxime 500mg tab,J01DC02,14,Tabs/Caps,III,Oral,Cefuroxime
Cefuroxime Axetil 250mg/5ml gra.or.sus,J01DC02,1,Bottle,IV,Oral,Cefuroxime
Cefuroxime Sodium 1.5g inj,J01DC02,1,Amp/Vial,II,Parenteral,Cefuroxime
Cefuroxime Sodium 750mg inj,J01DC02,1,Amp/Vial,I,Parenteral,Cefuroxime
Celiprolol 200mg tab,C07AB08,20,Tabs/Caps,II,Oral,Celiprolol
Cephalexin Bp 250mg caps,J01DB01,100,Tabs/Caps,IV,Oral,Cefalexin
Cephalexin Bp 500mg caps,J01DB01,20,Tabs/Caps,I,Oral,Cefalexin
Cephalexin Usp 250mg/5ml oral.susp,J01DB01,1,Bottle,II,Oral,Cefalexin
Cephalothin Sodium 1g inj,J01DB03,1,Amp/Vial,I,Parenteral,Cefalotin
Cetirizine 5mg/5ml oral.sol,R06AE07,1,Bottle,II,Oral,Cetirizine
Cetuximab 100mg inj,L01XC06,1,Amp/Vial,VII,Parenteral,Cetuximab
Charcoal Activated pd.or,A07BA01,1,Sachet,IV,Oral,Medicinal charcoal
Charcoal Activated 250-300mg tab,A07BA01,100,Tabs/Caps,II,Oral,Medicinal charcoal
Chloral Hydrate Bp powd,N05CC01,250,Gram,IX,Oral,Chloral hydrate
Chlorambucil Bp 2mg tab,L01AA02,25,Tabs/Caps,IV,Oral,Chlorambucil
"Chloramphenicol 0,5% ey.dro",S01AA01,1,Drop bottle,II,Ocular,Chloramphenicol
Chlordiazepoxide Bp 10mg tab,N05BA02,100,Tabs/Caps,IV,Oral,Chlordiazepoxide
Chlordiazepoxide Bp 5mg tab,N05BA02,100,Tabs/Caps,III,Oral,Chlordiazepoxide
"Chlordiazepoxide&Clidin 5&2,5mg tab",A03CA02,30,Tabs/Caps,I,Oral,Clidinium and psycholeptics
Chlorhexidine Gluc sol.ga.m.w,R02AA05,1,Bottle,II,Oromucosal,Chlorhexidine
Chloroquine Phosp Bp 250mg tab,P01BA01,100,Tabs/Caps,II,Oral,Chloroquine
Chlorpromazine 50mg inj,N05AA01,1,Amp/Vial,I,Parenteral,Chlorpromazine
Chlorpromazine Bp 100mg tab,N05AA01,50,Tabs/Caps,II,Oral,Chlorpromazine
Chlorpromazine Bp 25mg tab,N05AA01,50,Tabs/Caps,II,Oral,Chlorpromazine
Chlorpromazine Bp 50mg tab,N05AA01,50,Tabs/Caps,II,Oral,Chlorpromazine
Chlorpromazine Hcl 25mg/5ml syr,N05AA01,1,Bottle,II,Oral,Chlorpromazine
Cholestyramine gra.or.sus,C10AC01,50,Sachet,IV,Oral,Colestyramine
Chondr&Hyal(Viscoat) intraocu.sol,S01KA51,1,Syringe / Vials,V,Intraoccular,"Hyaluronic acid, combinations"
Chorionic Gonadotrophin 1500 I.U. inj,G03GA01,1,Amp/Vial,II,Parenteral,Chorionic gonadotrophin
Chorionic Gonadotrophin 5000 I.U. inj,G03GA01,1,Amp/Vial,II,Parenteral,Chorionic gonadotrophin
"Ciclesonide 160mcg/dose, 60d aer.md.inh",R03BA08,1,Canister,IV,Inhalation,Ciclesonide
Ciclosporin 100mg/ml oral.sol,L04AD01,1,Bottle,VII,Oral,Ciclosporin
Cinacalcet 30mg tab,H05BX01,28,Tabs/Caps,VII,Oral,Cinacalcet
Cinacalcet 60mg tab,H05BX01,28,Tabs/Caps,VIII,Oral,Cinacalcet
Cinacalcet 90mg tab,H05BX01,28,Tabs/Caps,VIII,Oral,Cinacalcet
Cinnarizine 25mg tab,N07CA02,50,Tabs/Caps,I,Oral,Cinnarizine
"Ciprofloxacin 0,3% w/v ey.dro",S03AA07,1,Drop bottle,I,Ocular,Ciprofloxacin
Ciprofloxacin 200mg inj,J01MA02,1,Amp/Vial,II,Parenteral,Ciprofloxacin
Ciprofloxacin 250mg tab,J01MA02,10,Tabs/Caps,I,Oral,Ciprofloxacin
Ciprofloxacin 500mg tab,J01MA02,10,Tabs/Caps,I,Oral,Ciprofloxacin
Cisatracurium Besylate 10mg inj,M03AC11,1,Amp/Vial,II,Parenteral,Cisatracurium
Cisplatin 10mg inj,L01XA01,1,Amp/Vial,II,Parenteral,Cisplatin
Cisplatin 50mg inj,L01XA01,1,Amp/Vial,III,Parenteral,Cisplatin
Citalopram 20mg tab,N06AB04,28,Tabs/Caps,I,Oral,Citalopram
Cladribine 10mg inj,L01BB04,1,Amp/Vial,VIII,Parenteral,Cladribine
Clarithromycin 125mg/5ml oral.susp,J01FA09,1,Bottle,III,Oral,Clarithromycin
Clarithromycin 250mg tab,J01FA09,14,Tabs/Caps,II,Oral,Clarithromycin
Clarithromycin 250mg/5ml oral.susp,J01FA09,1,Bottle,II,Oral,Clarithromycin
Clarithromycin 500mg tab,J01FA09,21,Tabs/Caps,II,Oral,Clarithromycin
Clindamycin 1% solut,D10AF01,1,Bottle,II,Topical,Clindamycin
Clindamycin 2% w/w (as phosph) vag.cream,G01AA10,1,Tube,II,Vaginal,Clindamycin
Clindamycin 300mg caps,J01FF01,16,Tabs/Caps,II,Oral,Clindamycin
Clindamycin Phosphate 600mg inj,J01FF01,1,Amp/Vial,II,Parenteral,Clindamycin
Clobazam 10mg t/c,N05BA09,20,Tabs/Caps,II,Oral,Clobazam
Clodronate Disod./Sod. 400mg caps,M05BA02,30,Tabs/Caps,V,Oral,Clodronic acid
Clomethiazole Edisylate 300mg caps,N05CM02,60,Tabs/Caps,III,Oral,Clomethiazole
Clomiphene Citrate 50mg tab,G03GB02,10,Tabs/Caps,I,Oral,Clomifene
Clomipramine Hcl 10mg tab,N06AA04,30,Tabs/Caps,II,Oral,Clomipramine
Clomipramine Hcl 25mg tab,N06AA04,100,Tabs/Caps,II,Oral,Clomipramine
"Clonazepam 0,5mg tab",N03AE01,30,Tabs/Caps,II,Oral,Clonazepam
"Clonazepam 2,5mg/ml or.so.d",N03AE01,1,Drop bottle,II,oral,Clonazepam
Clonazepam 2mg tab,N03AE01,30,Tabs/Caps,I,Oral,Clonazepam
Clonidine 150mcg tab,C02AC01,30,Tabs/Caps,II,Oral,Clonidine
Clonidine Hydrochloride 150mcg Inj,C02AC01,1,Amp/Vial,I,Parenteral,Clonidine
Clopidogrel 300mg f.c.tab,B01AC04,10,Tabs/Caps,V,Oral,Clopidogrel
Clopidogrel 75mg tab,B01AC04,30,Tabs/Caps,II,Oral,Clopidogrel
Clorazepate Dipotassium 10mg caps,N05BA05,30,Tabs/Caps,I,Oral,Potassium clorazepate
Clorazepate Dipotassium 5mg caps,N05BA05,30,Tabs/Caps,I,Oral,Potassium clorazepate
Cloxacillin 500mg inj,J01CF02,1,Amp/Vial,I,Parenteral,Cloxacillin
Cloxacillin Bp 250mg caps,J01CF02,20,Tabs/Caps,II,Oral,Cloxacillin
Clozapine 100mg tab,N05AH02,50,Tabs/Caps,III,Oral,Clozapine
Clozapine 25mg tab,N05AH02,50,Tabs/Caps,II,Oral,Clozapine
Co-Trimoxazole 480mg inj,J01EE01,1,Amp/Vial,I,Parenteral,Sulfamethoxazole and trimethoprim
Co-Trimoxazole Bp 240mg/5ml oral.susp,J01EE01,1,Bottle,II,Oral,Sulfamethoxazole and trimethoprim
Co-Trimoxazole Bp 480mg tab,J01EE01,20,Tabs/Caps,I,Oral,Sulfamethoxazole and trimethoprim
Co-Trimoxazole Bp Forte 960mg tab,J01EE01,10,Tabs/Caps,II,Oral,Sulfamethoxazole and trimethoprim
Codeine Phosphate Bp 30mg tab,R05DA04,28,Tabs/Caps,II,Oral,Codeine
Colchicine 500mcg tab,M04AC01,100,Tabs/Caps,IV,Oral,Colchicine
Colistin 1.000.000 I.U. inj,J01XB01,1,Amp/Vial,II,Parenteral,Colistin
Corticoreling Releasing Hormon(CRH)100Î¼g,V04CD04,1,Amp/Vial,VI,Parenteral,Corticorelin
Cortisone Bp 25mg tab,H02AB10,100,Tabs/Caps,VII,Oral,Cortisone
Cyanocobalamin 1mg inj,B03BA01,1,Amp/Vial,I,Parenteral,Cyanocobalamin
Cyclophosphamide 1g inj,L01AA01,1,Amp/Vial,IV,Parenteral,Cyclophosphamide
Cyclophosphamide 500mg inj,L01AA01,1,Amp/Vial,III,Parenteral,Cyclophosphamide
Cyclophosphamide Bp 50mg tab,L01AA01,50,Tabs/Caps,IV,Oral,Cyclophosphamide
Cyclosporin 100mg caps,L04AD01,50,Tabs/Caps,VII,Oral,Ciclosporin
Cyclosporin 25mg caps,L04AD01,50,Tabs/Caps,V,Oral,Ciclosporin
Cyproterone Acetate 50mg tab,G03HA01,56,Tabs/Caps,V,Oral,Cyproterone
"Cyproterone&Ethinylestr 2&0,035mg tab",G03HB01,63,Tabs/Caps,III,Oral,Cyproterone and estrogen
Cytarabine 100mg inj,L01BC01,1,Amp/Vial,II,Parenteral,Cytarabine
Cytarabine 100mg intrathecally inj,L01BC01,1,Amp/Vial,III,Intrathecally,Cytarabine
Cytarabine 1g inj,L01BC01,1,Amp/Vial,III,Parenteral,Cytarabine
Cytarabine 500mg inj,L01BC01,1,Amp/Vial,III,Parenteral,Cytarabine
Dabigatran etexilate 110mg cap,B01AE07,60,Tabs/Caps,V,Oral,Dabigatran etexilate
Dabigatran etexilate 75mg cap,B01AE07,60,Tabs/Caps,V,Oral,Dabigatran etexilate
Dacarbazine 200mg inj,L01AX04,1,Amp/Vial,III,Parenteral,Dacarbazine
Dactinomycin 0.5mg inj,L01DA01,1,Amp/Vial,III,Parenteral,Dactinomycin
Dalteparin Sodium 10000 I.U. inj,B01AB04,1,Syringe / Vials,II,Parenteral,Dalteparin
Dalteparin Sodium 2500 I.U. inj,B01AB04,1,Syringe / Vials,I,Parenteral,Dalteparin
Dalteparin Sodium 5000 I.U. inj,B01AB04,1,Syringe / Vials,II,Parenteral,Dalteparin
Danazol 200mg caps,G03XA01,100,Tabs/Caps,IV,Oral,Danazol
Dantrolen Natrium 20mg inj,M03CA01,1,Amp/Vial,VI,Parenteral,Dantrolene
Dantrolene Sodium 25mg t/c,M03CA01,100,Tabs/Caps,IV,Oral,Dantrolene
Dapsone Bp 100mg tab,J04BA02,30,Tabs/Caps,V,Oral,Dapsone
Darbepoetin 100mcg inj,B03XA02,1,Syringe / Vials,VII,Parenteral,Darbepoetin alfa
Darbepoetin 150mcg inj,B03XA02,1,Syringe / Vials,VII,Parenteral,Darbepoetin alfa
Darbepoetin 20mcg inj,B03XA02,1,Syringe / Vials,V,Parenteral,Darbepoetin alfa
Darbepoetin 40mcg inj,B03XA02,1,Syringe / Vials,VI,Parenteral,Darbepoetin alfa
Darbepoetin 80mcg inj,B03XA02,1,Syringe / Vials,VII,Parenteral,Darbepoetin alfa
Darifenacin Hydrobromide 15mg,G04BD10,28,Tabs/Caps,V,Oral,Darifenacin
"Darifenacin Hydrobromide 7,5mg",G04BD10,28,Tabs/Caps,IV,Oral,Darifenacin
Darunavir (as ethanolate) 600mg Tabs,J05AE10,60,Tabs/Caps,IX,Oral,Darunavir
Darunavir 400mg tab,J05AE10,60,Tabs/Caps,VIII,Oral,Darunavir
Dasatinib 100mg tab,L01XE06,30,Tabs/Caps,X,Oral,Dasatinib
Dasatinib 50mg tab,L01XE06,60,Tabs/Caps,X,Oral,Dasatinib
Dasatinib 70mg tab,L01XE06,60,Tabs/Caps,X,Oral,Dasatinib
Daunorubicin Hydrochloride 20mg inj,L01DB02,1,Amp/Vial,V,Parenteral,Daunorubicin
Deferasirox 125mg tab,V03AC03,100,Tabs/Caps,IX,Oral,Deferasirox
Deferasirox 250mg tab,V03AC03,50,Tabs/Caps,IX,Oral,Deferasirox
Deferasirox 500mg tab,V03AC03,50,Tabs/Caps,X,Oral,Deferasirox
Deferipron 1000mg t/c,V03AC02,50,Tabs/Caps,VII,Oral,Deferiprone
Deferiprone 100mg/ml oral.sol,V03AC02,1,Bottle,VII,Oral,Deferiprone
Degarelix (as acetate) 120mg inj,L02BX02,1,Amp/Vial,VII,Parenteral,degarelix
Degarelix (as acetate) 80mg inj,L02BX02,1,Amp/Vial,VII,Parenteral,degarelix
Dehydrobenzperidol 5mg inj,N01AX01,1,Amp/Vial,II,Parenteral,Droperidol
Desferrioxamine 2g inj,V03AC01,1,Amp/Vial,IV,Parenteral,Deferoxamine
Desferrioxamine 500mg inj,V03AC01,1,Amp/Vial,II,Parenteral,Deferoxamine
Desflurane 100% v/v inh.vap.li,N01AB07,1,Bottle,VI,Inhalation,Desflurane
"Desmopressin 0,2mg tab",H01BA02,30,Tabs/Caps,V,Oral,Desmopressin
Desmopressin 120mcg(as acet.) lyoph.tab,H01BA02,30,Tabs/Caps,V,Oral,Desmopressin
"Desmopressin (Ddavp) 0,25mg nas.sol",H01BA02,1,Amp/Vial,IV,Nasal,Desmopressin
Desmopressin 10mcg/dose nas.spr,H01BA02,1,Bottle,III,Nasal,Desmopressin
Desmopressin 4mcg inj,H01BA02,1,Amp/Vial,II,Parenteral,Desmopressin
Dexameth&Neomyci &Polym ey.dro,S03CA01,1,Drop bottle,II,Ocular,Dexamethasone and antiinfectives
"Dexameth&Tobramycin 0,1%&0,3% ey.dro",S01CA01,1,Drop bottle,I,Ocular,Dexamethasone and antiinfectives
Dexamethas&Neomycin&Polymyxin eye.oint,S02CA06,1,Tube,II,Ocular,Dexamethasone and antiinfectives
"Dexamethasone Bp 0,5mg tab",H02AB02,100,Tabs/Caps,II,Oral,Dexamethasone
"Dexamethasone Bp 1,5mg tab",H02AB02,50,Tabs/Caps,II,Oral,Dexamethasone
Dexamethasone Bp 4mg tab,H02AB02,100,Tabs/Caps,IV,Oral,Dexamethasone
Dexamethasone Sod Phosphate 4mg inj,H02AB02,1,Amp/Vial,I,Parenteral,Dexamethasone
"Dexamethasone Usp 0,5mg/5ml oral.sol",H02AB02,1,Bottle,II,Oral,Dexamethasone
Diazepam 10mg inj,N05BA01,1,Amp/Vial,I,Parenteral,Diazepam
Diazepam 4mg/ml enem,N05BA01,5,Tube,III,Rectal,Diazepam
Diazepam Bp 10mg tab,N05BA01,30,Tabs/Caps,I,Oral,Diazepam
Diazepam Bp 5mg tab,N05BA01,40,Tabs/Caps,I,Oral,Diazepam
Diazepam Rectal Tube 2mg/ml enema,N05BA01,5,Tube,III,Rectal,Diazepam
Diclofenac 100mg supp,M01AB05,5,Supp,I,Rectal,Diclofenac
Diclofenac 75mg inj,M01AB05,1,Amp/Vial,I,Parenteral,Diclofenac
"Diclofenac Sodium 0,1% ey.dro",S01BC03,1,Drop bottle,II,Ocular,Diclofenac
Diclofenac Sodium 1% gel,M02AA15,1,Tube,I,Topical,Diclofenac
Diclofenac Sodium 50mg tab,M01AB05,100,Tabs/Caps,II,Oral,Diclofenac
Diclofenac Sodium Slow Release 100mg tab,M01AB05,100,Tabs/Caps,II,Oral,Diclofenac
Didanosine 400mg ect,J05AF02,30,Tabs/Caps,VII,Oral,Didanosine
Didanosine 2g oral.susp,J05AF02,1,Bottle,VI,Oral,Didanosine
Diethylstilbestrol 1mg tab,L02AA01,26,Tabs/Caps,IV,Oral,Diethylstilbestrol
"Digoxin 0,25mg tab",C01AA05,28,Tabs/Caps,I,Oral,Digoxin
"Digoxin 0,5mg inj",C01AA05,1,Amp/Vial,I,Parenteral,Digoxin
"Digoxin P/G 0,0625mg tab",C01AA05,60,Tabs/Caps,II,Oral,Digoxin
Digoxin Paediatric 50mcg/ml elix,C01AA05,1,Bottle,III,Oral,Digoxin
Digoxin Spesific Antibody 38mg inj,C01AA05,1,Amp/Vial,IX,Parenteral,Digoxin
Diloxanide 500mg tab,P01AC01,30,Tabs/Caps,VII,Oral,Diloxanide
Diltiazem Hcl 60mg tab,C08DB01,50,Tabs/Caps,I,Oral,Diltiazem
Dimercaprol 200mg inj,V03AB09,1,Amp/Vial,V,Parenteral,Dimercaprol
Dinoprostone 800mcg/ml vag.gel,G02AD02,1,Tube,V,Vaginal,Dinoprostone
Diph&Tetan&Pert&Polio.Vacc 1 dose inj,J07CA02,1,Syringe / Vials,III,Parenteral,Diphtheria-pertussis-poliomyelitis-tetanus
"Diphenoxylate&Atropine2,5&0,025mg tab",A07DA,100,Tabs/Caps,IV,Oral,Diphenoxylate
Diphth&Tetan Ads Vacc Adults 1 dose inj,J07AM51,1,Syringe / Vials,II,Parenteral,"Tetanus toxoid, combinations with diphtheria toxoid"
Diphth&Tetan Ads Vacc Adults 10 dose inj,J07AM51,1,Amp/Vial,IV,Parenteral,"Tetanus toxoid, combinations with diphtheria toxoid"
Dipyridamol 200mg caps,B01AC07,60,Tabs/Caps,IV,Oral,Dipyridamole
Dipyridamole 10mg inj,B01AC07,1,Amp/Vial,I,Parenteral,Dipyridamole
Dipyridamole 75mg tab,B01AC07,100,Tabs/Caps,II,Oral,Dipyridamole
Disopyramide 100mg caps,C01BA03,40,Tabs/Caps,II,Oral,Disopyramide
Disulfiram 500mg tab,V03,20,Tabs/Caps,II,Oral,disulfiram
Dobutamin Hydrochloride 250mg inj,C01CA07,1,Amp/Vial,II,Parenteral,Dobutamine
Docetaxel 20mg inj,L01CD02,1,Amp/Vial,IV,Parenteral,Docetaxel
Docetaxel 80mg inj,L01CD02,1,Amp/Vial,V,Parenteral,Docetaxel
Donepezil 10mg tab,N06DA02,28,Tabs/Caps,II,Oral,Donepezil
Donepezil 5mg tab,N06DA02,28,Tabs/Caps,II,Oral,Donepezil
Dopamine Hydrochloride 200mg inj,C01CA04,1,Amp/Vial,I,Parenteral,Dopamine
"Dornase Alfa 1mg/ml, 2,5ml sol.inh",R05CB13,1,Amp/Vial,IV,Inhalation,Dornase alfa (desoxyribonuclease)
Dosulepin 25mg caps,N06AA16,28,Tabs/Caps,II,Oral,Dosulepin
"Doxorubic Lipos. 2mg/ml, (set) inj",L01DB01,1,Pack,IX,Parenteral,Doxorubicin
Doxorubicin Hcl 10mg inj,L01DB01,1,Amp/Vial,II,Parenteral,Doxorubicin
Doxorubicin Hcl 200mg inj,L01DB01,1,Amp/Vial,VI,Parenteral,Doxorubicin
Doxorubicin Hcl 50mg inj,L01DB01,1,Amp/Vial,IV,Parenteral,Doxorubicin
Doxycycline Bp 100mg caps,J01AA02,10,Tabs/Caps,I,Oral,Doxycycline
Dusting Powder Antibiotic 10-15g powd,D06AX,1,Container,II,Topical,Dusting Powder Antibiotic 10-15g powd
Efavirenz 600mg f.c.t,J05AG03,30,Tabs/Caps,VII,Oral,Efavirenz
Emtricitabine&Tenofovir 200&245mg tab,J05AR03,30,Tabs/Caps,IX,Oral,Tenofovir disoproxil and emtricitabine
"Enalapril 1,25mg inj",C09AA02,1,Amp/Vial,II,Parenteral,Enalapril
Enalapril Maleate 10mg tab,C09AA02,50,Tabs/Caps,I,Oral,Enalapril
Enalapril Maleate 5mg tab,C09AA02,50,Tabs/Caps,I,Oral,Enalapril
Enfuvirtide 108mg inj,J05AX07,1,Amp/Vial,IV,Parenteral,Enfuvirtide
Entacapone 200mg tab,N04BX02,100,Tabs/Caps,VI,Oral,Entacapone
Ephedrine Hydrochloride 30mg inj,R03CA02,1,Amp/Vial,I,Parenteral,Ephedrine
Epirubicin Hydrochloride 10mg inj,L01DB03,1,Amp/Vial,III,Parenteral,Epirubicin
Epirubicin Hydrochloride 50mg inj,L01DB03,1,Amp/Vial,V,Parenteral,Epirubicin
Eplerenone 25mg tab,C03DA04,20,Tabs/Caps,IV,Oral,Eplerenone
Eplerenone 50mg tab,C03DA04,20,Tabs/Caps,IV,Oral,Eplerenone
Epoetinum Alfa 2000 I.U. inj,B03XA01,1,Syringe / Vials,II,Parenteral,Erythropoietin
Epoetinum Alfa 30000 I.U. inj,B03XA01,1,Syringe / Vials,VII,Parenteral,Erythropoietin
Epoetinum Alfa 4000 I.U. inj.,B03XA01,1,Syringe / Vials,III,Parenteral,Erythropoietin
Epoetinum Alfa 6000 I.U. inj,B03XA01,1,Syringe / Vials,III,Parenteral,Erythropoietin
Epoetinum Alfa 8000 I.U. inj,B03XA01,1,Syringe / Vials,IV,Parenteral,Erythropoietin
Epoprostenol 500mcg inj,B01AC09,1,Amp/Vial,VI,Parenteral,Epoprostenol
"Ergotam&Chlorcycl&Caff 0,5mg&10&50mg tab",N02CA52,100,Tabs/Caps,III,Oral,"Ergotamine, combinations excl. psycholeptics"
Erlotinib 100mg f.c.t,L01XE03,30,Tabs/Caps,X,Oral,Erlotinib
Erlotinib 150mg f.c.t,L01XE03,30,Tabs/Caps,X,Oral,Erlotinib
Ertapenem (as sodium salt) 1g pd sol inj,J01DH03,1,Amp/Vial,V,Parenteral,Ertapenem
Erythromycin Lactobionate 1g inj,J01FA01,1,Amp/Vial,III,Parenteral,Erythromycin
Erythromycin Stearate Bp 250mg tab,J01FA01,20,Tabs/Caps,I,Oral,Erythromycin
Erythromycin Usp 250mg/5ml oral.susp,J01FA01,1,Bottle,II,Oral,Erythromycin
"Esmolol Hcl 2,5g inj",C07AB09,1,Bt / Bag,VII,Parenteral,Esmolol
Esomeprazole 40mg inj,A02BC05,1,Amp/Vial,II,Parenteral,Esomeprazole
Estradiol 0.025 vag.tab,G03CA03,15,Supp,III,Vaginal,Estradiol
Estradiol 25mcg/24hr tts,G03CA03,8,Patch,II,Transdermal,Estradiol
Estradiol 50mcg/24hr tts,G03CA03,8,Patch,II,Transdermal,Estradiol
"Estradiol&Estr+Dydrogest 2mg, 2+10mg tab",G03FB08,28,Tabs/Caps,II,Oral,Dydrogesterone and estrogen
"Estradiol&Norges 11+10(2)2mg&2+0,5mg tab",G03CA53,21,Tabs/Caps,II,Oral,"Estradiol, combinations"
Estramustine Phosphate 140mg caps,L01XX11,100,Tabs/Caps,VI,Oral,Estramustine
"Estrogens Conjugated 0,625mg tab",G03CA57,84,Tabs/Caps,III,Oral,Conjugated estrogens
Etamsylate 250mg inj,B02BX01,1,Amp/Vial,II,Parenteral,Etamsylate
Etanercept 25mg inj,L04AB01,1,Amp/Vial,VII,Parenteral,Etanercept
Etanercept 50mg inj,L04AB01,1,Amp/Vial,VII,Parenteral,Etanercept
Etanercept Paediatric 25mg inj,L04AB01,1,Amp/Vial,VII,Parenteral,Etanercept
Ethambutol Bp 400mg tab,J04AK02,56,Tabs/Caps,IV,Oral,Ethambutol
"Ethinyloestradiol Bp 0,01mg tab",G03CA01,21,Tabs/Caps,VII,Oral,Ethinylestradiol
Ethosuximide 250mg/5ml syr,N03AD01,1,Bottle,III,Oral,Ethosuximide
Ethosuximide Bp 250mg caps,N03AD01,56,Tabs/Caps,V,Oral,Ethosuximide
Ethyl Chloride 88-89g spr,N01BX01,1,Canister,II,Topical,Ethyl chloride
Etilefrine 7.5mg/ml or.so.d,C01CA01,1,Bottle,II,oral,Etilefrine
Etomidate 20mg inj,N01AX07,1,Amp/Vial,I,Parenteral,Etomidate
Etoposide 100mg caps,L01CB01,10,Tabs/Caps,VII,Oral,Etoposide
Etoposide 100mg inj,L01CB01,1,Amp/Vial,II,Parenteral,Etoposide
Etoposide 50mg caps,L01CB01,20,Tabs/Caps,VII,Oral,Etoposide
Etravirine 100mg tab,J05AG04,120,Tabs/Caps,VIII,Oral,etravirine
"Everolimus 0,25mg tab",L04AA18,120,Tabs/Caps,VII,Oral,Everolimus
"Everolimus 0,75mg tab",L04AA18,120,Tabs/Caps,IX,Oral,Everolimus
Everolimus 10mg tabs,L01XE10,30,Tabs/Caps,X,Oral,Everolimus
Everolimus 1mg tab,L04AA18,60,Tabs/Caps,VIII,Oral,Everolimus
Everolimus 5mg tabs,L01XE10,30,Tabs/Caps,X,Oral,Everolimus
Exemestane 25mg tab,L02BG06,30,Tabs/Caps,IV,Oral,Exemestane
Factor I Fibrinogen Human Lyo 1g inj,B02BB01,1,Amp/Vial,VIII,Parenteral,Human fibrinogen
Factor Ix Fraction Dried Iv 500 I.U. inj,B02BD04,1000,International Unit,VII,Parenteral,Coagulation factor IX
Factor Vii Rec.Activated 100 KI.U. inj,B02BD05,1000,International Unit,IV,Parenteral,Coagulation factor VII
Factor Viii Rec(Advate)1000 I.U. inj,B02BD02,1000,International Unit,IX,Parenteral,Coagulation factor VIII
Factor Viii Rec(Advate)500 I.U. inj,B02BD02,1000,International Unit,IX,Parenteral,Coagulation factor VIII
Factor Viii Rec(Kogenate) 1000 I.U. inj,B02BD02,1000,International Unit,IX,Parenteral,Coagulation factor VIII
Factor Viii Rec(Kogenate)500 I.U. inj,B02BD02,1000,International Unit,IX,Parenteral,Coagulation factor VIII
Factor Viii Rec(Refacto) 1000 I.U. inj,B02BD02,1000,International Unit,IX,Parenteral,Coagulation factor VIII
Factor Viii Rec(Refacto) 250 I.U. inj,B02BD02,1000,International Unit,IX,Parenteral,Coagulation factor VIII
Factor Viii Rec(Refacto) 500 I.U. inj,B02BD02,1000,International Unit,IX,Parenteral,Coagulation factor VIII
Factor Viii Recomb(Kogenate)2000 I.U.Inj,B02BD02,1000,International Unit,IX,Parenteral,Coagulation factor VIII
FactorVIII&VW 1000 I.U.&2400 I.U.inj,B02BD06,1000,Amp/Vial,IX,Parenteral,Von Willebrand factor and coagulation factor VIII in combination
Famotidine 20mg tab,A02BA03,30,Tabs/Caps,I,Oral,Famotidine
Famotidine 40mg tab,A02BA03,50,Tabs/Caps,I,Oral,Famotidine
"Felodipine 2,5mg tab",C08CA02,28,Tabs/Caps,III,Oral,Felodipine
Felodipine 5mg tab,C08CA02,28,Tabs/Caps,II,Oral,Felodipine
Fentanyl 100mcg/hr tts,N02AB03,5,Patch,VI,Transdermal,Fentanyl
Fentanyl 25mcg/hr tts,N02AB03,5,Patch,IV,Transdermal,Fentanyl
Fentanyl 50mcg/hr tts,N02AB03,5,Patch,IV,Transdermal,Fentanyl
Fentanyl Citrate 100mcg inj,N01AH01,1,Amp/Vial,I,Parenteral,Fentanyl
Fentanyl Citrate 500mcg inj,N01AH01,1,Amp/Vial,I,Parenteral,Fentanyl
Ferrous Fumarate Bp 200mg tab,B03AA02,60,Tabs/Caps,II,Oral,Ferrous fumarate
Ferrous Gluconate Bp 300mg tab,B03AA03,50,Tabs/Caps,I,Oral,Ferrous gluconate
Filgrastim 48 MU inj,L03AA02,1,Syringe / Vials,IV,Parenteral,Filgrastim
Filgrastim Recomb Gcsf 30 MU inj,L03AA02,1,Amp/Vial,IV,Parenteral,Filgrastim
Finasteride 5mg tab,G04CB01,28,Tabs/Caps,II,Oral,Finasteride
"Fingolimod (as hydrochloride) 0,5mg caps",L04AA27,28,Tabs/Caps,X,Oral,Fingolimod
Flavoxate Hcl 200mg tab,G04BD02,90,Tabs/Caps,IV,Oral,Flavoxate
Flecainide 150mg inj,C01BC04,1,Amp/Vial,II,Parenteral,Flecainide
Flecainide Acetate 100mg tab,C01BC04,60,Tabs/Caps,III,Oral,Flecainide
Fluconazole 100mg caps,J02AC01,7,Tabs/Caps,II,Oral,Fluconazole
Fluconazole 100mg inj,J02AC01,1,Amp/Vial,II,Parenteral,Fluconazole
Fluconazole 50mg caps,J02AC01,7,Tabs/Caps,II,Oral,Fluconazole
Fludarabine Phosphate 50mg inj,L01BB05,1,Amp/Vial,VII,Parenteral,Fludarabine
"Fludrocortisone Bp 0,1mg tab",H02AA02,100,Tabs/Caps,III,Oral,Fludrocortisone
Flumazenil 0.5mg inj,V03AB25,1,Amp/Vial,III,Parenteral,Flumazenil
Fluorescein Sodium 10% inj,S01JA01,1,Amp/Vial,III,Intraoccular,Fluorescein
"Fluorometholone 0,1% ey.dro",S01BA07,1,Drop bottle,II,Ocular,Fluorometholone
Fluorouracil 250mg inj,L01BC02,1,Amp/Vial,II,Parenteral,Fluorouracil
Fluorouracil 500mg inj,L01BC02,1,Amp/Vial,II,Parenteral,Fluorouracil
Fluorouracil 50mg/g cream,L01BC02,1,Tube,V,Topical,Fluorouracil
Fluorouracil 5g inj,L01BC02,1,Amp/Vial,IV,Parenteral,Fluorouracil
Fluoxetine 20mg caps,N06AB03,30,Tabs/Caps,I,Oral,Fluoxetine
Flupenthixol Decanoate 20mg inj,N05AF01,1,Amp/Vial,II,Parenteral,Flupentixol
"Flupenthixol&Melitracen 0,5mg&33,3mg tab",N06CA02,50,Tabs/Caps,II,Oral,Melitracen and psycholeptics
Fluphenazine Decanoate 25mg inj,N05AB02,1,Amp/Vial,II,Parenteral,Fluphenazine
Flutamide 250mg tab,L02BB01,100,Tabs/Caps,IV,Oral,Flutamide
"Fluticasone Prop 50mcg/d, 120d nas.spr",R01AD08,1,Canister,II,Nasal,Fluticasone
Fluvoxamine 50mg tab,N06AB08,60,Tabs/Caps,III,Oral,Fluvoxamine
Folic Acid 5mg tab,B03BB01,100,Tabs/Caps,II,Oral,Folic acid
Fondaparinux 10mg inj,B01AX05,1,Syringe / Vials,IV,Parenteral,Fondaparinux
"Fondaparinux 2,5mg inj",B01AX05,1,Syringe / Vials,II,Parenteral,Fondaparinux
Fondaparinux Sodium 5mg inj,B01AX05,1,Syringe / Vials,IV,Parenteral,Fondaparinux
"Fondaparinux Sodium 7,5mg inj",B01AX05,1,Syringe / Vials,IV,Parenteral,Fondaparinux
Formoterol 12mcg blis/caps.inh,R03AC13,60,Tabs/Caps,III,Inhalation,Formoterol
Fulvestrant 250mg inj,L02BA03,1,Syringe / Vials,VIII,Parenteral,Fulvestrant
"Furosemide 10mg/ml, 25ml inj",C03CA01,1,Amp/Vial,II,Parenteral,Furosemide
"Furosemide 10mg/ml, 2ml inj",C03CA01,1,Amp/Vial,I,Parenteral,Furosemide
Furosemide 20mg/5ml oral.sol,C03CA01,1,Bottle,IV,Oral,Furosemide
Furosemide 40mg tab,C03CA01,60,Tabs/Caps,I,Oral,Furosemide
Furosemide Bp 500mg tab,C03CA01,20,Tabs/Caps,II,Oral,Furosemide
Fusidate Sodium 2% oint,D06AX01,1,Tube,II,Topical,Fusidic acid
Fusidate Sodium 500mg inj,J01XC01,1,Amp/Vial,V,Parenteral,Fusidic acid
Fusidic Acid 2% cream,D06AX01,1,Tube,I,Topical,Fusidic acid
Fusidic Acid&Betam 20mg&1mg/g cream,D06AX01,1,Tube,I,Topical,Fusidic acid
Fusidic Acid(Ster Viscous) 1% eye.dro,S01AA13,1,Tube,II,Ocular,Fusidic acid
Gabapentin 300mg caps,N03AX12,50,Tabs/Caps,II,Oral,Gabapentin
Gabapentin 400mg caps,N03AX12,50,Tabs/Caps,II,Oral,Gabapentin
Ganciclovir 500mg inj,J05AB06,1,Amp/Vial,V,Parenteral,Ganciclovir
Gemcitabine Hydrochloride 1g inj,L01BC05,1,Amp/Vial,IV,Parenteral,Gemcitabine
Gemcitabine Hydrochloride 200mg inj,L01BC05,1,Amp/Vial,II,Parenteral,Gemcitabine
Gemfibrozil 600mg tab,C10AB04,30,Tabs/Caps,I,Oral,Gemfibrozil
Gentamycin 80mg inj,J01GB03,1,Amp/Vial,I,Parenteral,Gentamicin
Glatiramer Acetate 20mg inj,L03AX13,1,Amp/Vial,IV,Parenteral,Glatiramer acetate
Glibenclamide Bp 5mg tab,A10BB01,100,Tabs/Caps,I,Oral,Glibenclamide
Glimepiride 1mg tab,A10BB12,30,Tabs/Caps,I,Oral,Glimepiride
Glimepiride 2mg tab,A10BB12,30,Tabs/Caps,I,Oral,Glimepiride
Glimepiride 3mg tab,A10BB12,30,Tabs/Caps,I,Oral,Glimepiride
Glimepiride 4mg tab,A10BB12,30,Tabs/Caps,II,Oral,Glimepiride
Glucagon 1mg inj,H04AA01,1,Amp/Vial,IV,Parenteral,Glucagon
"Glucose Hyper Plc 10%, 500ml inj",B05BA03,1,Bottle,I,Parenteral,Carbohydrates
"Glucose Hyper Plc 20%, 500ml inj",B05BA03,1,Bottle,I,Parenteral,Carbohydrates
Glucose In Blood For Testing test,V04CA,50,Piece,II,N/A,Glucose In Blood For Testing test
Glucose In Urine For Testing test,V04B,100,Piece,II,N/A,Glucose In Urine For Testing test
"Glucose Iv Inf Plast.Ctnr 5%, 250ml inj",B05BA03,1,Bottle,I,Parenteral,Carbohydrates
"Glucose IV Infusion 50% w/v, 500ml inj",B05BA03,1,Bottle,II,Parenteral,Carbohydrates
"Glucose Monohydrate 35%, 500ml inj",B05BA03,1,Bottle,I,Parenteral,Carbohydrates
"Glucose Plc 5%, 1000ml inj",B05CX01,1,Bottle,I,Parenteral,Glucose
"Glucose Plc 5%, 100ml inj",B05BA03,1,Bottle,I,Parenteral,Carbohydrates
"Glucose Plc 5%,500ml inj",B05BA03,1,Bottle,I,Parenteral,Carbohydrates
"Glucose&Sod Plc 4-4,3%&0,18%, 250ml inj",B05BB02,1,Bottle,I,Parenteral,Electrolytes with carbohydrates
"Glucose&Sod Plc 4-4.3%&0,18%, 1000ml inj",B05BB02,1,Bottle,I,Parenteral,Electrolytes with carbohydrates
"Glucose&Sod Plc 4-4.3%&0,18%, 500ml inj",B05BB02,1,Bottle,I,Parenteral,Electrolytes with carbohydrates
"Glycerin 2-2,5g supp",A06AX01,10,Supp,II,Rectal,Glycerol
Glycerin BP/EP liqu,A06AX01,1,Liter,III,N/A,Glycerol
"Glyceryl Trinitrate 0,5mg tab",C01DA02,100,Tabs/Caps,II,Oral,Glyceryl trinitrate
Glyceryl Trinitrate 400mcg/dose subl.spr,C01DA02,1,Bottle,III,Oromucosal,Glyceryl trinitrate
Glyceryl Trinitrate 50mg inj,C01DA02,1,Amp/Vial,II,Parenteral,Glyceryl trinitrate
Glyceryl Trinitrate 5mg/24h tts,C01DA02,30,Patch,III,Transdermal,Glyceryl trinitrate
Glycine Urologic Irrigation 1.5% solut,B05CX03,3,Liter,II,N/A,Glycine
Glycopyrronium Bromide 200mcg inj,A03AB02,1,Amp/Vial,I,Parenteral,Glycopyrronium
Gonadorelin 100mcg inj,V04CM01,1,Amp/Vial,IV,Parenteral,Gonadorelin
"Goserelin 10,8mg Depot Inj.",L02AE03,1,Syringe / Vials,VI,Parenteral,Goserelin
Goserelin Acetate Depot 3.6mg inj,L02AE03,1,Syringe / Vials,VI,Parenteral,Goserelin
Haemophilus Infl (Act-Hib) 1 dose inj,J07AG01,1,Amp/Vial,III,Parenteral,"Hemophilus influenzae B, purified antigen conjugated"
"Haloperidol 2mg/ml, 100ml oral.sol",N05AD01,1,Bottle,III,Oral,Haloperidol
"Haloperidol 2mg/ml, 15ml or.so.d",N05AD01,1,Drop bottle,II,oral,Haloperidol
Haloperidol 5mg inj,N05AD01,1,Amp/Vial,I,Parenteral,Haloperidol
Haloperidol Bp 20mg tab,N05AD01,50,Tabs/Caps,II,Oral,Haloperidol
Haloperidol Bp 5mg tab,N05AD01,100,Tabs/Caps,II,Oral,Haloperidol
Haloperidol Decanoate (Oily) 50mg inj,N05AD01,1,Amp/Vial,II,Parenteral,Haloperidol
Haloperidol Decanoate Oily 100mg inj,N05AD01,1,Amp/Vial,III,Parenteral,Haloperidol
Heparin Sodium 25000 I.U. inj,B01AB01,1,Amp/Vial,II,Parenteral,Heparin
Heparinised Saline 50 U inj,B01AB01,1,Amp/Vial,I,Parenteral,Heparin
Hepatitis A Vacc Adult 1 dose inj,J07BC02,1,Amp/Vial,IV,Parenteral,"Hepatitis A, inactivated, whole virus"
Hepatitis B Immun Anti-Hbs 500 I.U. inj,J06BB04,1,Amp/Vial,VII,Parenteral,Hepatitis B immunoglobulin
Hepatitis B Vacc Adult(10mcg) 1 dose inj,J07BC01,1,Amp/Vial,II,Parenteral,"Hepatitis B, purified antigen"
Hepatitis B Vacc Recom Infant 1 dose inj,J07BC01,1,Amp/Vial,II,Parenteral,"Hepatitis B, purified antigen"
"Hyalur (Provisc) 8,5mg-10mg intraocu.sol",S01KA01,1,Syringe / Vials,III,Intraoccular,Hyaluronic acid
Hyalur&Chon/Hyal(Duovisc) intraocu.sol,S01KA01,1,Pack,V,Ocular,Hyaluronic acid
Hyaluronate Sodium 20-25mg inj,M09AX01,1,Syringe / Vials,III,Parenteral,Hyaluronic acid
Hydralazine Hcl 25mg tab,C02DB02,20,Tabs/Caps,I,Oral,Hydralazine
Hydralazine Hydrochloride 20mg inj,C02DB02,1,Amp/Vial,II,Parenteral,Hydralazine
Hydrochlorothiazide Bp 50mg tab,C03AA03,50,Tabs/Caps,I,Oral,Hydrochlorothiazide
Hydrocortisone 5mg tab,H02AB09,50,Tabs/Caps,IV,Oral,Hydrocortisone
Hydrocortisone Acetate 1% cream,D07AA02,1,Tube,I,Topical,Hydrocortisone
Hydrocortisone Sodium Succ. 100mg inj,H02AB09,1,Amp/Vial,I,Parenteral,Hydrocortisone
Hydrocortisone Usp 20mg tab,H02AB09,30,Tabs/Caps,II,Oral,Hydrocortisone
Hydrogen Peroxide Bp 6% (20 vol) solut,D08AX01,1,Bottle,I,Topical,Hydrogen peroxide
Hydroxychloroquine Bp 200mg tab,P01BA02,60,Tabs/Caps,III,Oral,Hydroxychloroquine
Hydroxyprogesterone 250mg inj,G03DA03,1,Amp/Vial,II,Parenteral,Hydroxyprogesterone
Hydroxyurea Bp 500mg caps,L01XX05,100,Tabs/Caps,IV,Oral,Hydroxycarbamide
Hyoscine Butylbromide 20mg inj,A03BB01,1,Amp/Vial,I,Parenteral,Butylscopolamine
Ibuprofen Bp 200mg tab,M01AE01,30,Tabs/Caps,I,Oral,Ibuprofen
Ibuprofen Bp 400mg tab,M01AE01,100,Tabs/Caps,II,Oral,Ibuprofen
Ichthammol 10% oint,D,1,Tube,II,Topical,Ichthammol 10% oint
Idarubicin 5mg inj,L01DB06,1,Amp/Vial,VI,Parenteral,Idarubicin
Ifosfamide 1g inj,L01AA06,1,Amp/Vial,V,Parenteral,Ifosfamide
Ifosfamide 2g inj,L01AA06,1,Amp/Vial,VI,Parenteral,Ifosfamide
"Iloprost 0,1mg inj",B01AC11,1,Amp/Vial,VI,Parenteral,Iloprost
Iloprost 20mcg sol.inh,B01AC11,1,Amp/Vial,IV,Inhalation,Iloprost
Imatinib 400mg caps,L01XE01,30,Tabs/Caps,X,Oral,Imatinib
Imatinib Mesylate 100mg caps,L01XE01,60,Tabs/Caps,X,Oral,Imatinib
Imipenem & Cilastatin (500mg&500mg) inj,J01DH51,1,Amp/Vial,II,Parenteral,Imipenem and enzyme inhibitor
Imipramine Bp 25mg tab,N06AA02,100,Tabs/Caps,II,Oral,Imipramine
Imiquimod 5% w/w cream,D06BB10,1,Sachet,II,Topical,Imiquimod
Immunoglob Antithymocyte 100mg inj,L04AA04,1,Amp/Vial,VII,Parenteral,Antithymocyte immunoglobulin (rabbit)
"Immunoglob Bcg 2-8 x 10^8, 12,5mg inj",L03AX03,1,Amp/Vial,VI,Parenteral,BCG vaccine
Immunoglob Hepatitis B Hm 200 I.U. inj,J06BB04,1,Amp/Vial,VI,Parenteral,Hepatitis B immunoglobulin
"Immunoglob HM (Sucrose Free) 2,5ginj",J06BA02,1,Amp/Vial,VI,Parenteral,"Immunoglobulins, normal human, for intravascular adm."
Immunoglob HM (Sucrose Free) 5g inj,J06BA02,1,Amp/Vial,VII,Parenteral,"Immunoglobulins, normal human, for intravascular adm."
Immunoglob Hm m+a+g 6+6+38 mg/100ml inj,J06BA02,1,Amp/Vial,VIII,Parenteral,"Immunoglobulins, normal human, for intravascular adm."
Immunoglob Hm m+a+g 6+6+38 mg/10ml inj,J06BA02,1,Amp/Vial,V,Parenteral,"Immunoglobulins, normal human, for intravascular adm."
Immunoglob Varic.Zoster Hm 500 I.U. inj,J06BB03,1,Amp/Vial,VIII,Parenteral,Varicella/zoster immunoglobulin
Immunoglobulin Anti-D Human 500 I.U. inj,J06BB01,1,Amp/Vial,IV,Parenteral,Anti-D (rh) immunoglobulin
"Immunoglobulin Cytomegalovirus 2,5g inj",J06BB09,1,Amp/Vial,IX,Parenteral,Cytomegalovirus immunoglobulin
Immunoglobulin Tetanus 250 I.U. inj,J06BB02,1,Amp/Vial,III,Parenteral,Tetanus immunoglobulin
Indomethacin Bp 100mg supp,M01AB01,12,Supp,II,Rectal,Indometacin
Indomethacin Bp 25mg caps,M01AB01,50,Tabs/Caps,I,Oral,Indometacin
Infliximab 100mg inj,L04AB02,1,Amp/Vial,VIII,Parenteral,Infliximab
Influenza Vaccine Inactiv 1 dose inj,J07BB01,1,Syringe / Vials,II,Parenteral,"Influenza, inactivated, whole virus"
Insulin Iso Hm Penfill 300 I.U. inj,A10AC01,1,Cartridge / Pen,II,Parenteral,Insulin (human)
Insulin Iso70%&Neu30%Pen 300 I.U inj,A10AD01,1,Cartridge / Pen,II,Parenteral,Insulin (human)
Insulin Iso70%&Neu30%Vial 1000 I.U inj,A10AD01,1,Amp/Vial,III,Parenteral,Insulin (human)
Insulin Isophane Hm Vial 1000 I.U. inj,A10AC01,1,Amp/Vial,III,Parenteral,Insulin (human)
Insulin Neut. Hm Penfill 300 I.U. inj,A10AB01,1,Cartridge / Pen,II,Parenteral,Insulin (human)
Insulin Neutr Hm Vials 1000 I.U. inj,A10AB01,1,Amp/Vial,III,Parenteral,Insulin (human)
Insuline Glargine Pr.Pen 300 I.U. inj,A10AE04,1,Cartridge / Pen,III,Parenteral,Insulin glargine
Insuline Glulisine Cart. 300 U/ml inj,A10AB06,1,Cartridge / Pen,III,Parenteral,Insulin glulisine
Interferon Alfa 2A 3 MI.U. inj,L03AB04,1,Syringe / Vials,IV,Parenteral,Interferon alfa-2a
"Interferon Alfa 2A 4,5 MI.U. inj",L03AB04,1,Syringe / Vials,IV,Parenteral,Interferon alfa-2a
Interferon Alfa 2B 10 MI.U. inj,L03AB05,1,Amp/Vial,V,Parenteral,Interferon alfa-2b
Interferon Beta-1A 22mcg (6 MI.U.)* inj,L03AB07,1,Syringe / Vials,VI,Parenteral,Interferon beta-1a
Interferon Beta-1A 30mcg (6 MI.U.) inj,L03AB07,1,Syringe / Vials,VII,Parenteral,Interferon beta-1a
Interferon Beta-1A 44mcg (12 MI.U.) inj,L03AB07,1,Syringe / Vials,VI,Parenteral,Interferon beta-1a
Interferon Beta-Ib 0.3mg(9.6 MI.U.) inj,L03AB08,1,Amp/Vial,V,Parenteral,Interferon beta-1b
Ipecacuanha 1000mg/15ml tinct,V03AB01,1,Bottle,I,Oral,Ipecacuanha
"Ipratrop Br 0.02mg/d, 200d inh.sus.p",R03BB01,1,Canister,II,Inhalation,Ipratropium bromide
Ipratropium Brom 500mcg sol.inh,R03BB01,20,Amp/Vial,II,Inhalation,Ipratropium bromide
Ipratropium Brom. 250mcg sol.inh,R03BB01,20,Amp/Vial,II,Inhalation,Ipratropium bromide
Irinotecan Hcl Trih 100mg inj,L01XX19,1,Amp/Vial,IV,Parenteral,Irinotecan
Irinotecan Hcl Trihytr 40mg inj,L01XX19,1,Amp/Vial,IV,Parenteral,Irinotecan
Iron Polymaltose 10mg FeIII/ml syr,B03AB04,1,Bottle,II,Oral,Ferric hydroxide
Iron Polymaltose 50mg/ml or.so.d,B03AB04,1,Drop bottle,II,oral,Ferric hydroxide
Iron Saccharate 100mg inj,B03AC02,1,Amp/Vial,III,Parenteral,Saccharated iron oxide
Isoconazole Nitrate 1% w/w vag.cr,G01AF07,1,Tube,II,Vaginal,Isoconazole
Isoconazole Nitrate 600mg vag.tab,G01AF07,1,Tabs/Caps,I,Vaginal,Isoconazole
Isoconazole Nitrate Bp 1% cream,D01AC05,1,Tube,I,Topical,Isoconazole
"Isoflurane 99,9 - 100% inh.vap.li",N01AB06,1,Bottle,IV,Inhalation,Isoflurane
Isoniazid Bp 100mg tab,J04AC01,100,Tabs/Caps,II,Oral,Isoniazid
Isoprenaline Hydrochloride 0.2mg inj,C01CA02,1,Amp/Vial,I,Parenteral,Isoprenaline
Isosorbide Dinitrate 10mg inj,C01DA08,1,Amp/Vial,II,Parenteral,Isosorbide dinitrate
Isosorbide Dinitrate 10mg t/c,C01DA08,30,Tabs/Caps,I,Oral,Isosorbide dinitrate
Isosorbide Dinitrate 40mg srt,C01DA08,56,Tabs/Caps,II,Oral,Isosorbide dinitrate
Isosorbide Mononitrate 20mg tab,C01DA08,50,Tabs/Caps,II,Oral,Isosorbide dinitrate
Isosorbide Mononitrate 60mg srt,C01DA14,28,Tabs/Caps,II,Oral,Isosorbide mononitrate
Isotretinoin 10mg caps,D10BA01,30,Tabs/Caps,III,Oral,Isotretinoin
Isotretinoin 20mg caps,D10BA01,30,Tabs/Caps,III,Oral,Isotretinoin
"Isradipine 2,5mg tab",C08CA03,28,Tabs/Caps,III,Oral,Isradipine
Isradipine 5mg tab,C08CA03,30,Tabs/Caps,III,Oral,Isradipine
Itraconazole 100mg caps,J02AC02,15,Tabs/Caps,III,Oral,Itraconazole
Itraconazole 10mg/ml oral solution,J02AC02,1,Bottle,VI,Oral,Posaconazole
Itraconazole 250mg inj,J02AC02,1,Amp/Vial,VI,Parenteral,Itraconazole
Ketamine Hydrochloride 500mg inj,N01AX03,1,Amp/Vial,III,Parenteral,Ketamine
Ketoconazole 200mg tab,J02AB02,10,Tabs/Caps,II,Oral,Ketoconazole
Ketone In Urine For Testing test,V04B,100,Piece,II,N/A,Ketone In Urine For Testing test
Ketotifen Fumarate 1mg t/c,R06AX17,30,Tabs/Caps,I,Oral,Ketotifen
Labetalol 100mg inj,C07AG01,1,Amp/Vial,II,Parenteral,Labetalol
Labetalol Hcl 100mg tab,C07AG01,56,Tabs/Caps,III,Oral,Labetalol
Labetalol Hcl 200mg tab,C07AG01,56,Tabs/Caps,IV,Oral,Labetalol
Lacosamide 100mg tabs,N03AX18,14,Tabs/Caps,IV,Oral,Lacosamide
Lacosamide 150mg tabs,N03AX18,56,Tabs/Caps,IV,Oral,Lacosamide
Lacosamide 200mg tabs,N03AX18,56,Tabs/Caps,VII,Oral,Lacosamide
Lacosamide 50mg tabs,N03AX18,14,Tabs/Caps,III,Oral,Lacosamide
"Lactulose 3,1-3,7g/5ml liqu",A06AD11,1,Bottle,II,Oral,Lactulose
Lamivudine 300mg tab,J05AF05,30,Tabs/Caps,VII,Oral,Lamivudine
Lamivudine 100mg tab,J05AF05,28,Tabs/Caps,VI,Oral,Lamivudine
Lamivudine&Zidovudine 150mg & 300mg tab,J05AR01,60,Tabs/Caps,VIII,Oral,Zidovudine and lamivudine
Lamotrigine 100mg dtab,N03AX09,30,Tabs/Caps,II,Oral,Lamotrigine
Lamotrigine 100mg tab/Dtab,N03AX09,30,Tabs/Caps,II,Oral,Lamotrigine
Lamotrigine 200mg tab/Dtab,N03AX09,30,Tabs/Caps,III,Oral,Lamotrigine
Lamotrigine 25mg dtab,N03AX09,30,Tabs/Caps,II,Oral,Lamotrigine
Lamotrigine 25mg tab/Dtab,N03AX09,30,Tabs/Caps,II,Oral,Lamotrigine
Lamotrigine 50mg tab/Dtab,N03AX09,30,Tabs/Caps,II,Oral,Lamotrigine
Lamotrigine 5mg dtab,N03AX09,30,Tabs/Caps,II,Oral,Lamotrigine
Lanreotide 120mg Inj,H01CB03,1,Amp/Vial,IX,Parenteral,Lanreotide
Lanreotide 90mg inj,H01CB03,1,Syringe / Vials,IX,Parenteral,Lanreotide
Lanthanum 500mg tab,V03AE03,20,Tabs/Caps,V,Oral,Lanthanum carbonate
Lanthanum 750mg tab,V03AE03,40,Tabs/Caps,VI,Oral,Lanthanum carbonate
Lapatinib 250mg Tabs,L01XE07,70,Tabs/Caps,X,Oral,Lapatinib
"Latanoprost 0,005% ey.dro",S01EE01,1,Drop bottle,II,Ocular,Latanoprost
Leflunomide 10mg tab,L04AA13,30,Tabs/Caps,IV,Oral,Leflunomide
Leflunomide 20mg tab,L04AA13,30,Tabs/Caps,IV,Oral,Leflunomide
Lenalidomide 10mg caps,L04AX04,21,Tabs/Caps,X,Oral,Lenalidomide
Lenalidomide 25mg caps,L04AX04,21,Tabs/Caps,X,Oral,Lenalidomide
Lenalidomide 5mg caps,L04AX04,21,Tabs/Caps,X,Oral,Lenalidomide
Lenalidomide Caps 15mg caps,L04AX04,21,Tabs/Caps,X,Oral,Lenalidomide
"Letrozole 2,5mg tab",L02BG04,30,Tabs/Caps,III,Oral,Letrozole
Leucovorin Calcium 15mg tab,V03AF03,10,Tabs/Caps,II,Oral,Calcium folinate
Leucovorin Calcium 300mg inj,V03AF03,1,Amp/Vial,V,Parenteral,Calcium folinate
Leucovorin Calcium 50mg inj,V03AF03,1,Amp/Vial,II,Parenteral,Calcium folinate
Levetiracetam 500mg sol for inj,N03AX14,1,Amp/Vial,IV,Parenteral,Levetiracetam
Levetiracetan 1000mg tab,N03AX14,60,Tabs/Caps,IV,Oral,Levetiracetam
Levetiracetan 500mg tab,N03AX14,60,Tabs/Caps,III,Oral,Levetiracetam
Levetiracetan 100mg/ml oral.sol,N03AX14,1,Bottle,V,Oral,Levetiracetam
Levetiracetan 250mg tab,N03AX14,60,Tabs/Caps,III,Oral,Levetiracetam
Levocarnitine 100mg/ml oral.sol,A16AA01,10,Bottle,II,Oral,Levocarnitine
Levocarnitine 1g inj,A16AA01,1,Amp/Vial,I,Parenteral,Levocarnitine
"Levodopa Bp & Carbidopa 100mg, 25mg tab",N04BA02,100,Tabs/Caps,II,Oral,Levodopa and decarboxylase inhibitor
"Levodopa Bp & Carbidopa 250mg, 25mg tab",N04BA02,50,Tabs/Caps,II,Oral,Levodopa and decarboxylase inhibitor
Levodopa&Carbidopa 50/200mg tab,N04BA02,100,Tabs/Caps,IV,Oral,Levodopa and decarboxylase inhibitor
Levofloxacin 500mg inj,J01MA12,1,Amp/Vial,V,Parenteral,Levofloxacin
Levofloxacin 500mg tab,J01MA12,5,Tabs/Caps,II,Oral,Levofloxacin
Levonorgestrel 20mcg/24h intraut.de,G02BA03,1,Piece,VI,Vaginal,Plastic IUD with progestogen
"Levosimendan 12,5mg inj",C01CX08,1,Amp/Vial,IX,Parenteral,Levosimendan
Levothyroxine 100mcg/ml oral solution,H03AA01,1,Bottle,IV,Oral,Levothyroxine sodium
"Lignocain&ChlorhGluc. 2& 0,25%, 6ml gel",N01BB52,1,Syringe / Vials,I,Topical,"Lidocaine, combinations"
"Lignocain&ChlorhGluc. 2&0,25%, 11ml gel",N01BB52,1,Syringe / Vials,II,Topical,"Lidocaine, combinations"
Lignocaine Hcl 10%w/w spr,N01BB02,1,Bottle,III,Topical,Lidocaine
Lignocaine Hydrochloride 100mg inj,C01BB01,1,Amp/Vial,I,Parenteral,Lidocaine
"Lignocaine Local Anaesth 1%, 50ml inj",N01BB02,1,Amp/Vial,II,Parenteral,Lidocaine
"Lignocaine Local Anaesth 2%, 20ml inj",N01BB02,1,Amp/Vial,I,Parenteral,Lidocaine
Lignocaine&Adren 400mg&100mcg inj,N01BB52,1,Amp/Vial,II,Parenteral,"Lidocaine, combinations"
Linezolid 600mg tab,J01XX08,10,Tabs/Caps,VIII,Oral,Linezolid
Linezolid 600mg inj,J01XX08,1,Amp/Vial,V,Parenteral,Linezolid
Liothyronine Sodium 25mcg tab,H03AA02,30,Tabs/Caps,II,Oral,Liothyronine sodium
Liposomal Lidocaine 40mg/g cream,N01BB02,1,Tube,II,Topical,Lidocaine
Liposome Doxorubicin 20mg inj,L01DB01,1,Amp/Vial,VIII,Parenteral,Doxorubicin
Lisinopril 10mg tab,C09AA03,30,Tabs/Caps,I,Oral,Lisinopril
Lisinopril 20mg tab,C09AA03,40,Tabs/Caps,II,Oral,Lisinopril
Lisinopril 5mg tab,C09AA03,30,Tabs/Caps,I,Oral,Lisinopril
Lithium Carbonate Slow Bp 400mg tab,N05AN01,100,Tabs/Caps,III,Oral,Lithium
Lomustine Bp 40mg caps,L01AD02,20,Tabs/Caps,VII,Oral,Lomustine
Loperamide Hcl 2mg caps,A07DA03,40,Tabs/Caps,I,Oral,Loperamide
Lopinavir & Ritonavir 200mg & 50mg tab,J05AE06,120,Tabs/Caps,VIII,Oral,Lopinavir
Lopinavir&Ritonav 400&100mg/5ml oral.sol,J05AE06,1,Bottle,VI,Oral,Lopinavir
Loratadine 10mg tab,R06AX13,40,Tabs/Caps,I,Oral,Loratadine
Lorazepam Bp 1mg tab,N05BA06,18,Tabs/Caps,I,Oral,Lorazepam
Lorazepam Bp 2mg tab,N05BA06,50,Tabs/Caps,I,Oral,Lorazepam
Lormetazepam 1mg tab,N05CD06,20,Tabs/Caps,II,Oral,Lormetazepam
Losartan 50mg tab,C09CA01,28,Tabs/Caps,I,Oral,Losartan
Lovastatin 20mg tab,C10AA02,60,Tabs/Caps,II,Oral,Lovastatin
Magnesium Co (240mg to 280mg) caps,A12CC30,60,Tabs/Caps,II,Oral,Magnesium (different salts in combination)
"Magnesium Sulphate 50%, 10ml inj",B05XA05,1,Bottle,I,Parenteral,Magnesium sulfate
"Magnesium Sulphate Iv Inf 20%, 20ml inj",B05XA05,1,Bottle,II,Parenteral,Magnesium sulfate
"Mannitol Hyper Plc20%, 500ml inj",B05BC01,1,Bottle,II,Parenteral,Mannitol
Maraviroc 150mg tabs,J05AX09,60,Tabs/Caps,IX,Oral,Maraviroc
Maraviroc 300mg tabs,J05AX09,60,Tabs/Caps,IX,Oral,Maraviroc
Measles Mumps Rubella Vacc 1 dose inj,J07BD52,1,Amp/Vial,III,Parenteral,"Measles, combinations with mumps and rubella, live attenuated"
Mebendazole 100mg tab,P02CA01,6,Tabs/Caps,II,Oral,Mebendazole
Mebendazole 100mg/5ml oral.susp,P02CA01,1,Bottle,II,Oral,Mebendazole
Mebeverine Hcl 135mg tab,A03AA04,50,Tabs/Caps,II,Oral,Mebeverine
Medicinal Nitr.Oxide?98% v/v inh.gas.liq,N01AX13,1,Kilogram,III,Inhalation,Nitrous oxide
Medroxyprogesterone Acetate 100mg tab,G03DA02,100,Tabs/Caps,VI,Oral,Medroxyprogesterone
Medroxyprogesterone Acetate 5mg tab,G03DA02,28,Tabs/Caps,II,Oral,Medroxyprogesterone
Mefenamic Acid 50mg/5ml oral.susp,M01AG01,1,Bottle,I,Oral,Mefenamic acid
Mefloquine 250mg tab,P01BC02,6,Tabs/Caps,II,Oral,Mefloquine
Megestrol 160mg tab,L02AB01,30,Tabs/Caps,IV,Oral,Megestrol
Melphalan 50mg inj,L01AA03,1,Amp/Vial,VII,Parenteral,Melphalan
Melphalan Bp 2mg tab,L01AA03,25,Tabs/Caps,IV,Oral,Melphalan
Meningitis A+C Vaccine 1 dose inj,J07AH03,1,Amp/Vial,III,Parenteral,"Meningococcus, bivalent purified polysaccharides antigen"
Meningitis A+C Vaccine 10 doses inj,J07AH03,1,Amp/Vial,IV,Parenteral,"Meningococcus, bivalent purified polysaccharides antigen"
Meningoc Gr C Conj VaccAdsor 1 dose inj,J07AH,1,Amp/Vial,IV,Parenteral,Meningoc Gr C Conj VaccAdsor 1 dose inj
"Menotroph Hm Fsh150 I.U., Lh150 I.U. inj",G03GA02,1,Amp/Vial,IV,Parenteral,Human menopausal gonadotrophin
"Menotroph Hm Fsh75 I.U., Lh75 I.U. inj",G03GA02,1,Amp/Vial,III,Parenteral,Human menopausal gonadotrophin
Mepivacaine Hydrochloride 3% inj,N01BB03,1,Cartridge / Pen,I,Parenteral,Mepivacaine
Mercaptopurine Bp 50mg tab,L01BB02,25,Tabs/Caps,IV,Oral,Mercaptopurine
Mercurochrome powd,D08AK04,1000,Gram,VII,Topical,Mercurochrome
Meropenem 500mg inj,J01DH02,1,Amp/Vial,II,Parenteral,Meropenem
Mesalazine 400mg ect,A07EC02,30,Tabs/Caps,II,Oral,Mesalazine
Mesalazine 4g enema,A07EC02,7,Tube,IV,Rectal,Mesalazine
Mesalazine 500mg supp,A07EC02,20,Supp,III,Rectal,Mesalazine
Mesna 400mg inj,V03AF01,1,Amp/Vial,II,Parenteral,Mesna
Mesterolone 25mg tab,G03BB01,20,Tabs/Caps,II,Oral,Mesterolone
Metformin 850mg tab,A10BA02,100,Tabs/Caps,II,Oral,Metformin
Metformin Bp 500mg tab,A10BA02,100,Tabs/Caps,II,Oral,Metformin
Methadone 5mg tab,N07BC02,50,Tabs/Caps,III,Oral,Methadone
Methenamine 1g tab,J01XX05,60,Tabs/Caps,IV,Oral,Methenamine
Methotrexate 10mg prefilled inj,L04AX03,1,Syringe / Vials,IV,Parenteral,Methotrexate
Methotrexate 15mg prefilled inj,L04AX03,1,Syringe / Vials,IV,Parenteral,Methotrexate
Methotrexate 20mg prefilled inj,L04AX03,1,Syringe / Vials,IV,Parenteral,Methotrexate
"Methotrexate 7,5mg prefilled inj",L04AX03,1,Syringe / Vials,IV,Parenteral,Methotrexate
"Methotrexate Bp 2,5mg tab",L01BA01,100,Tabs/Caps,II,Oral,Methotrexate
Methotrexate Sod Paren 500mg inj,L01BA01,1,Amp/Vial,IV,Parenteral,Methotrexate
Methotrexate Sod Paren 50mg inj,L01BA01,1,Amp/Vial,III,Parenteral,Methotrexate
Methotrexate Sod Paren 5mg inj,L01BA01,1,Amp/Vial,II,Parenteral,Methotrexate
Methyldopa 250mg tab,C02AB02,100,Tabs/Caps,II,Oral,Methyldopa (racemic)
Methylene Blue 1% inj,V03AB,1,Amp/Vial,IV,Parenteral,methylen blue
Methylergometrine Hydr Mal 0.2mg inj,G02AB01,1,Amp/Vial,I,Parenteral,Methylergometrine
Methylphenidate Hcl 10mg tab,N06BA04,30,Tabs/Caps,II,Oral,Methylphenidate
Methylphenidate Hydrochloride 18mg tab,N06BA04,30,Tabs/Caps,V,Oral,Methylphenidate
Methylphenidate Hydrochloride 36mg tab,N06BA04,30,Tabs/Caps,VI,Oral,Methylphenidate
Methylphenidate Hydrochloride 54mg tab,N06BA04,30,Tabs/Caps,VI,Oral,Methylphenidate
Methylprednisolone Acetate 200mg inj,H02AB04,1,Amp/Vial,II,Parenteral,Methylprednisolone
Methylprednisolone Sod Succ 125mg inj,H02AB04,1,Amp/Vial,III,Parenteral,Methylprednisolone
Methylprednisolone Sod Succ 1g inj,H02AB04,1,Amp/Vial,III,Parenteral,Methylprednisolone
Methylprednisolone Usp 16mg tab,H02AB04,14,Tabs/Caps,II,Oral,Methylprednisolone
Methylprednisolone Usp 4mg tab,H02AB04,50,Tabs/Caps,II,Oral,Methylprednisolone
Metoclopramide 10mg inj,A03FA01,1,Amp/Vial,I,Parenteral,Metoclopramide
Metoclopramide Bp 10mg supp,A03FA01,10,Supp,II,Rectal,Metoclopramide
Metoclopramide Bp 10mg tab,A03FA01,50,Tabs/Caps,I,Oral,Metoclopramide
Metolazone 5mg tab,C03BA08,100,Tabs/Caps,VI,Oral,Metolazone
Metoprolol Tartrate 100mg tab,C07AB02,50,Tabs/Caps,I,Oral,Metoprolol
Metoprolol Tartrate 200mg slrt,C07AB02,100,Tabs/Caps,II,Oral,Metoprolol
Metronidazole 200mg/5ml oral.susp,P01AB01,1,Bottle,IV,Oral,Metronidazole
Metronidazole Bp 200mg tab,P01AB01,50,Tabs/Caps,I,Oral,Metronidazole
Metronidazole I.V. Infus. 500mg inj,J01XD01,1,Amp/Vial,I,Parenteral,Metronidazole
Micafungin (as sodium) 100mg pd sol inj,J02AX05,1,Amp/Vial,VII,Parenteral,Micafungin
Micafungin (as sodium) 50mg pd sol inj,J02AX05,1,Amp/Vial,VII,Parenteral,Micafungin
Miconazole Nit& Hydrocort 2%&1% cream,D01AC52,1,Tube,II,Topical,"Miconazole, combinations"
Microenema With Rectal Nozzle enema,A06AG11,1,Tube,I,Rectal,Microenema With Rectal Nozzle enema
Midazolam 50mg inj,N05CD08,1,Amp/Vial,II,Parenteral,Midazolam
Midazolam Hydrochloride 15mg inj,N05CD08,1,Amp/Vial,I,Parenteral,Midazolam
Midodrine 5mg tab,C01CA17,50,Tabs/Caps,II,Oral,Midodrine
"Midodrine Hcl 2,5mg tab",C01CA17,30,Tabs/Caps,IV,Oral,Midodrine
Milrinone 10mg inj,C01CE02,1,Amp/Vial,IV,Parenteral,Milrinone
Mirtazapine 15mg tab,N06AX11,30,Tabs/Caps,II,Oral,Mirtazapine
Misoprostol 200mcg tab,A02BB01,60,Tabs/Caps,IV,Oral,Misoprostol
Mitomycin-C 20mg inj,L01DC03,1,Amp/Vial,V,Parenteral,Mitomycin
Mitozantrone Hcl 20mg inj,L01DB07,1,Amp/Vial,V,Parenteral,Mitoxantrone
Mivacurium 10mg inj,M03AC10,1,Amp/Vial,II,Parenteral,Mivacurium chloride
Modafinil 100mg tab,N06BA07,30,Tabs/Caps,V,Oral,Modafinil
"Mometasone Furoate 0,1% w/w cream",D07AC13,1,Tube,II,Topical,Mometasone
"Mometasone Furoate 0,1% w/w oint",D07AC13,1,Tube,II,Topical,Mometasone
Montelukast 4mg chw.t,R03DC03,28,Tabs/Caps,V,Oral,Montelukast
Montelukast Sodium 10mg tab,R03DC03,28,Tabs/Caps,IV,Oral,Montelukast
Montelukast Sodium 5mg tab,R03DC03,28,Tabs/Caps,V,Oral,Montelukast
Morphine 1mg inj,N02AA,1,Amp/Vial,II,Parenteral,Morphine
Morphine Sulphate 10mg srt,N02AA01,60,Tabs/Caps,II,Oral,Morphine
Morphine Sulphate 10mg tab,N02AA01,56,Tabs/Caps,IV,Oral,Morphine
Morphine Sulphate 10mg/5ml oral.sol,N02AA01,1,Bottle,II,Oral,Morphine
Morphine Sulphate 10mg/ml inj,N02AA01,1,Amp/Vial,I,Parenteral,Morphine
Morphine Sulphate 20mg tab,N02AA01,56,Tabs/Caps,IV,Oral,Morphine
Morphine Sulphate 30mg inj,N02AA01,1,Amp/Vial,I,Parenteral,Morphine
Morphine Sulphate 30mg srt,N02AA01,60,Tabs/Caps,IV,Oral,Morphine
Morphine Sulphate 60mg srt,N02AA01,60,Tabs/Caps,IV,Oral,Morphine
Morphine Sulphate Or Hcl 10mg supp,N02AA01,12,Supp,IV,Rectal,Morphine
Mouth Wash Bp tab,A01,60,Tabs/Caps,I,Oromucosal,Mouth Wash tab
Multistix Test,V04C,100,Piece,III,N/A,Multistix Test
Multivitamin t/c,A11BA,90,Tabs/Caps,I,Oral,vitamins
Mupirocin Calcium Salt 2% nas.oint,R01AX06,1,Tube,III,Nasal,Mupirocin
Mycophenolate Mofetil 250mg caps,L04AA06,100,Tabs/Caps,IV,Oral,Mycophenolic acid
Mycophenolate Mofetil 500mg tab,L04AA06,50,Tabs/Caps,III,Oral,Mycophenolic acid
Naftidrofuryl Oxalate 100mg caps,C04AX21,60,Tabs/Caps,II,Oral,Naftidrofuryl
Naloxone Hydrochloride 0.04mg inj,V03AB15,1,Amp/Vial,III,Parenteral,Naloxone
Naloxone Hydrochloride 0.4mg inj,V03AB15,1,Amp/Vial,I,Parenteral,Naloxone
Naltrexone 50mg tab,V03AB,28,Tabs/Caps,V,Oral,naltrexone
Nandrolone Decanoate 50mg inj,A14AB01,1,Amp/Vial,II,Parenteral,Nandrolone
Naphazoline&Boric Ac ey.dro,S01GA01,1,Drop bottle,I,Ocular,Naphazoline
Natalizumab 300mg inj,L04AA23,1,Amp/Vial,X,Parenteral,Natalizumab
Nebivolol 5mg tab,C07AB12,28,Tabs/Caps,III,Oral,Nebivolol
"Neostigmine 2,5mg inj",N07AA01,1,Amp/Vial,I,Parenteral,Neostigmine
Neostigmine Bromide Bp 15mg tab,N07AA01,140,Tabs/Caps,VI,Oral,Neostigmine
Nevirapine 200mg tab,J05AG01,60,Tabs/Caps,VII,Oral,Nevirapine
Nicotine 15mg/16h tts,N07BA01,7,Patch,III,Transdermal,Nicotine
Nicotine 25mg/16h tts,N07BA01,7,Patch,III,Transdermal,Nicotine
Nicotine Patch 10mg/16h tts,N07BA01,7,Patch,III,Transdermal,Nicotine
Nifedipine 10mg t/c,C08CA05,30,Tabs/Caps,I,Oral,Nifedipine
Nifedipine 20mg src,C08CA05,50,Tabs/Caps,I,Oral,Nifedipine
Nilotinib 200mg caps,L01XE08,112,Tabs/Caps,X,Oral,Nilotinib
Nimodipine 10mg inj,C08CA06,1,Amp/Vial,III,Parenteral,Nimodipine
Nitrazepam Bp 5mg tab,N05CD02,40,Tabs/Caps,II,Oral,Nitrazepam
Nitrofurantoin Bp 25mg/5ml oral.susp,J01XE01,1,Bottle,VII,Oral,Nitrofurantoin
Nitrofurantoin Macrocrystals 100mg caps,J01XE01,30,Tabs/Caps,III,Oral,Nitrofurantoin
Nitroprusside Sodium 50mg inj,C02DD01,1,Amp/Vial,III,Parenteral,Nitroprusside
Norepinephrine Bitart 8mg inj,C01CA03,1,Amp/Vial,II,Parenteral,Norepinephrine
Norethisterone Bp 5mg tab,G03DC02,20,Tabs/Caps,I,Oral,Norethisterone
Norfloxacin 400mg tab,J01MA06,14,Tabs/Caps,I,Oral,Norfloxacin
Nortriptyline Bp 25mg tab,N06AA10,100,Tabs/Caps,III,Oral,Nortriptyline
"Nystatin Usp 100,000 U/ml oral.susp",A07AA02,1,Bottle,II,Oral,Nystatin
Octreotide 0.1mg inj,H01CB02,1,Amp/Vial,III,Parenteral,Octreotide
Octreotide Lar 10mg inj,H01CB02,1,Amp/Vial,VIII,Parenteral,Octreotide
Octreotide Lar 20mg inj,H01CB02,1,Amp/Vial,IX,Parenteral,Octreotide
Octreotide Lar 30mg inj,H01CB02,1,Amp/Vial,X,Parenteral,Octreotide
Ofloxacin 200mg tab,J01MA01,10,Tabs/Caps,I,Oral,Ofloxacin
Olanzapine 10mg tab,N05AH03,28,Tabs/Caps,II,Oral,Olanzapine
Olanzapine 5mg tab,N05AH03,28,Tabs/Caps,II,Oral,Olanzapine
Omalizumab 150mg powder inj,R03DX05,1,Amp/Vial,VIII,Parenteral,Omalizumab
Omalizumab 150mg sol for inj,R03DX05,1,Syringe / Vials,VIII,Parenteral,Omalizumab
Omalizumab 75mg sol for inj,R03DX05,1,Syringe / Vials,VII,Parenteral,Omalizumab
Omeprazole 20mg tab,A02BC01,56,Tabs/Caps,II,Oral,Omeprazole
Ondansetron 8mg tab,A04AA01,30,Tabs/Caps,III,Oral,Ondansetron
Ondansetron Hcl 4mg inj,A04AA01,1,Amp/Vial,I,Parenteral,Ondansetron
Ondansetron Hcl 8mg inj,A04AA01,1,Amp/Vial,I,Parenteral,Ondansetron
Orphenadrine Citrate 100mg tab,M03BC01,20,Tabs/Caps,II,Oral,Orphenadrine (citrate)
Orphenadrine Citrate 60mg inj,M03BC01,1,Amp/Vial,I,Parenteral,Orphenadrine (citrate)
Orphenadrine Hcl Bp 50mg tab,N04AB02,100,Tabs/Caps,III,Oral,Orphenadrine (chloride)
Oxaliplatin 100mg inj,L01XA03,1,Amp/Vial,IV,Parenteral,Oxaliplatin
Oxaliplatin 50mg inj,L01XA03,1,Amp/Vial,IV,Parenteral,Oxaliplatin
Oxcarbazepin 300mg tab,N03AF02,50,Tabs/Caps,III,Oral,Oxcarbazepine
Oxcarbazepin 600mg tab,N03AF02,50,Tabs/Caps,IV,Oral,Oxcarbazepine
Oxcarbazepine 60mg/ml oral.susp,N03AF02,1,Bottle,IV,Oral,Oxcarbazepine
"Oxybuprocaine hcl 0.4%, 0.5ml eye drops",S01HA02,1,Amp/Vial,I,Intraoccular,Oxybuprocaine
Oxybutynin Hcl 5mg tab,G04BD04,60,Tabs/Caps,II,Oral,Oxybutynin
Oxycodone Hydrochloride 10mg s.r.t,N02AA05,56,Tabs/Caps,IV,Oral,Oxycodone
Oxycodone Hydrochloride 20mg s.r.t,N02AA05,56,Tabs/Caps,V,Oral,Oxycodone
Oxycodone Hydrochloride 40mg s.r.t,N02AA05,56,Tabs/Caps,VI,Oral,Oxycodone
Oxytocin 10 I.U. inj,H01BB02,1,Amp/Vial,I,Parenteral,Oxytocin
Paclitaxel 100mg inj,L01CD01,1,Amp/Vial,IV,Parenteral,Paclitaxel
Paclitaxel 300mg inj,L01CD01,1,Amp/Vial,V,Parenteral,Paclitaxel
Paclitaxel 30mg inj,L01CD01,1,Amp/Vial,III,Parenteral,Paclitaxel
Paliperidone 3mg tabs,N05AX13,28,Tabs/Caps,VI,Oral,Paliperidone
Paliperidone 6mg tabs,N05AX13,28,Tabs/Caps,VI,Oral,Paliperidone
Paliperidone 9mg tabs,N05AX13,28,Tabs/Caps,VII,Oral,Paliperidone
Palivizumab 100mg inj,J06BB16,1,Amp/Vial,IX,Parenteral,Palivizumab
Pamidronate Disodium 30mg inj,M05BA03,1,Amp/Vial,IV,Parenteral,Pamidronic acid
"Pancreatin, Lipas, Proteas, Amylas caps",A09AA02,100,Tabs/Caps,IV,Oral,"Multienzymes (lipase, protease etc.)"
Pancuronium 4mg inj,M03AC01,1,Amp/Vial,II,Parenteral,Pancuronium
Papaveratum 15.4mg inj,N02AA10,1,Amp/Vial,II,Parenteral,Papaveretum
Papaverine Hydrochloride 40mg inj,A03AD01,1,Amp/Vial,II,Parenteral,Papaverine
Paracetamol 1g inj,N02BE01,1,Amp/Vial,II,Parenteral,Paracetamol
Paracetamol 500mg Sol.for Inj.,N02BE01,1,Amp/Vial,II,Parenteral,Paracetamol
Paracetamol Bp 120mg/5ml oral.susp,N02BE01,1,Bottle,I,Oral,Paracetamol
Paracetamol Bp 125mg supp,N02BE01,10,Supp,I,Rectal,Paracetamol
Paracetamol Bp 250mg supp,N02BE01,10,Supp,I,Rectal,Paracetamol
Paracetamol Bp 250mg/5ml oral.susp,N02BE01,1,Bottle,I,Oral,Paracetamol
Paracetamol Bp 500mg supp,N02BE01,10,Supp,I,Rectal,Paracetamol
Paracetamol Bp 500mg tab,N02BE01,60,Tabs/Caps,I,Oral,Paracetamol
Paraffin BP/EP liqu,A06AA01,1,Liter,II,N/A,Liquid paraffin
Paroxetine 20mg tab,N06AB05,30,Tabs/Caps,II,Oral,Paroxetine
"Pegaptanib 0,3mg inj",S01LA03,1,Syringe / Vials,IX,Intraoccular,Pegaptanib
Pegaspargase 3750 I.U. inj,L01XX24,1,Amp/Vial,X,Parenteral,Pegaspargase
Pegfilgrastim 6mg inj,L03AA13,1,Syringe / Vials,IX,Parenteral,Pegfilgrastim
Peginterferon Alfa-2A 135mcg inj,L03AB11,1,Syringe / Vials,VII,Parenteral,Peginterferon alfa-2a
Peginterferon Alfa-2A 180mcg inj,L03AB11,1,Syringe / Vials,VII,Parenteral,Peginterferon alfa-2a
Peginterferon Alfa-2B 100mcg inj,L03AB10,1,Cartridge / Pen,VII,Parenteral,Interferon alfa-2b
Peginterferon Alfa-2B 120mcg inj,L03AB10,1,Cartridge / Pen,VII,Parenteral,Interferon alfa-2b
Peginterferon Alfa-2B 150mcg inj,L03AB10,1,Cartridge / Pen,VII,Parenteral,Interferon alfa-2b
Peginterferon Alfa-2B 80mcg inj,L03AB10,1,Cartridge / Pen,VI,Parenteral,Interferon alfa-2b
Pemetrexed 100mg inj,L01BA04,1,Amp/Vial,VII,Parenteral,Pemetrexed
Pemetrexed 500mg inj,L01BA04,1,Amp/Vial,IX,Parenteral,Pemetrexed
Penicillamine Bp 250mg t/c,M01CC01,100,Tabs/Caps,IV,Oral,Penicillamine
"Penicillin G Benzath 2,400,000 I.U. inj",J01CE08,1,Amp/Vial,II,Parenteral,Benzathine benzylpenicillin
Pentamidine Isetionate 300mg inj,P01CX01,1,Amp/Vial,V,Parenteral,Pentamidine isethionate
Pentoxifylline 400mg tab,C04AD03,20,Tabs/Caps,II,Oral,Pentoxifylline
"Pergolide 0,25mg tab",N04BC02,100,Tabs/Caps,V,Oral,Pergolide
Pergolide 1mg tab,N04BC02,100,Tabs/Caps,VII,Oral,Pergolide
Permethrin 5% cream,P03AC04,1,Tube,III,Topical,Permethrin
Perou Balsam Co&Hydrocortisone supp,C05AA01,12,Supp,II,Rectal,Hydrocortisone
Pethidine 100mg inj,N02AB02,1,Amp/Vial,I,Parenteral,Pethidine
Pethidine 50mg inj,N02AB02,1,Amp/Vial,I,Parenteral,Pethidine
PH In Urine For Testing Test,V04B,100,Piece,IV,N/A,PH In Urine For Testing Test
Phen.meth.penicillin 250mg/5ml oral.susp,J01CE02,1,Bottle,II,Oral,Phenoxymethylpenicillin
Phenobarbitone 200mg inj,N03AA02,1,Amp/Vial,II,Parenteral,Phenobarbital
Phenobarbitone 5.4% or.so.d,N03AA02,1,Bottle,III,oral,Phenobarbital
Phenobarbitone Bp 30mg tab,N03AA02,28,Tabs/Caps,I,Oral,Phenobarbital
Phenobarbitone Bp 60mg tab,N03AA02,28,Tabs/Caps,I,Oral,Phenobarbital
Phenoxymethylpenicillin Bp 250mg tab,J01CE02,100,Tabs/Caps,II,Oral,Phenoxymethylpenicillin
Phenylephrine 5% ey.dro,S01FB01,1,Drop bottle,II,Ocular,Phenylephrine
Phenylephrine Hydrochloride 10mg inj,C01CA06,1,Amp/Vial,III,Parenteral,Phenylephrine
Phenytoin Bp 100mg caps,N03AB02,100,Tabs/Caps,II,Oral,Phenytoin
Phenytoin Bp 30mg/5ml oral.susp,N03AB02,1,Bottle,II,Oral,Phenytoin
Phenytoin Sodium 250mg inj,N03AB02,1,Amp/Vial,II,Parenteral,Phenytoin
Pholcodine 5mg/5ml oral.sol,R05DA08,1,Bottle,II,Oral,Pholcodine
Physostigmine Salicylate 2mg inj,V03AB19,1,Amp/Vial,III,Parenteral,Physostigmine
Phytomenadione Mix-Mic Sol 10mg inj,B02BA01,1,Amp/Vial,I,Parenteral,Phytomenadione
Phytomenadione Mm 2mg inj,B02BA01,1,Amp/Vial,II,Parenteral,Phytomenadione
Pilocarpine 2% w/v ey.dro,S01EB01,1,Drop bottle,II,Ocular,Pilocarpine
Pilocarpine 4% w/v ey.dro,S01EB01,1,Drop bottle,II,Ocular,Pilocarpine
Pilocarpine Hydrochloride 5mg tab,N07AX01,100,Tabs/Caps,V,Oral,Pilocarpine
Pimozide 4mg tab,N05AG02,25,Tabs/Caps,II,Oral,Pimozide
Piperacillin Sod&Tazobactam 4.5g inj,J01CR05,1,Amp/Vial,II,Parenteral,Piperacillin and enzyme inhibitor
Piracetam 1200mg tab,N06BX03,60,Tabs/Caps,II,Oral,Piracetam
Piracetam 1g inj,N06BX03,1,Amp/Vial,I,Parenteral,Piracetam
Piracetam 200mg/ml syr,N06BX03,1,Bottle,II,Oral,Piracetam
"Pneumoc PolysConj.Vacc1dos""Synflorix""Inj",J07AL02,1,Syringe / Vials,V,Parenteral,"Pneumococcus, purified polysaccharides antigen conjugated"
Pneumococcal Vaccine 1 dose inj,J07AL,1,Amp/Vial,IV,Parenteral,Pneumococcal Vaccine 1 dose inj
Polidocanol 0.5% inj,C05BB02,1,Amp/Vial,IV,Parenteral,Polidocanol
Poliomyelitis Vaccine 1 dose inj,J07BF03,1,Amp/Vial,III,Parenteral,"Poliomyelitis, trivalent, inactivated, whole virus"
Poly (O-2-Hydroxyethyl Starch) 6%inj,B05AA07,1,Bottle,III,Parenteral,Hydroxyethylstarch
Polymyxin Co ear.dro,S03CA04,1,Drop bottle,II,Topical,Hydrocortisone and antiinfectives
Polyv. Alcoh.&Dexpanth. 1.4% & 3% eye dr,S01XA20,1,Drop bottle,I,Ocular,Artificial tears and other indifferent preparations
Poractant Alfa 240mg/3ml sol.tr.ins,R07AA02,1,Bottle,VIII,Parenteral,Poractant
"Poractant Alfa120mg/1,5ml sol.tr.ins",R07AA02,1,Bottle,VII,Parenteral,Poractant
Potass Citr&Sod Citr&Citric Ac solut,A12BA02,1,Bottle,III,Oral,Potassium citrate
Potassium Chloride 10% inj,B05XA01,1,Amp/Vial,I,Parenteral,Potassium chloride
Potassium Chloride 600mg srt,A12BA01,100,Tabs/Caps,II,Oral,Potassium chloride
Potassium Citrate Co Crystals powd,A12BA02,100,Sachet,VI,Oral,Potassium citrate
Potassium Iodide&Sodium Iodide ey.dro,S01XA04,1,Drop bottle,II,Ocular,Potassium iodide
Potassium phospate Co ef.tab,V03AG,100,Tabs/Caps,IV,Oral,Potassium phospate Co ef.tab
Povidone-Iodine 10% oint,D08AG02,1,Tube,I,Topical,Povidone-iodine
Povidone-Iodine Bp 10% w/v solut,D08AG02,1,Liter,II,Topical,Povidone-iodine
Povidone-Iodine Mouth Wash 1% sol.ga.m.w,R02AA15,1,Bottle,II,Oromucosal,Povidone-iodine
Povidone-Iodine Surg.Scrub 7.5%(1L)solut,D08AG02,1,Liter,II,Topical,Povidone-iodine
Povidone-Iodine2.5% w/w 50-60g pwdr spr,D08AG02,1,Canister,II,Topical,Povidone-iodine
Pralidoxime 200mg inj,V03AB04,1,Amp/Vial,III,Parenteral,Pralidoxime
"Pramipexole 0,18mg tab",N04BC05,100,Tabs/Caps,II,Oral,Pramipexole
"Pramipexole 0,7mg tab",N04BC05,100,Tabs/Caps,III,Oral,Pramipexole
Pravastatin 20mg tab,C10AA03,14,Tabs/Caps,III,Oral,Pravastatin
Pravastatin 40mg Tabs,C10AA03,14,Tabs/Caps,IV,Oral,Pravastatin
Prazosin 5mg tab,C02CA01,30,Tabs/Caps,II,Oral,Prazosin
Prazosin Hcl 1mg tab,C02CA01,30,Tabs/Caps,II,Oral,Prazosin
Prednisolone 1mg tab,H02AB06,28,Tabs/Caps,I,Oral,Prednisolone
"Prednisolone 2,5mg ect",H02AB06,100,Tabs/Caps,II,Oral,Prednisolone
Prednisolone 20mg enema,A07EA01,7,Bottle,III,Rectal,Prednisolone
Prednisolone 5mg tab,H02AB06,100,Tabs/Caps,II,Oral,Prednisolone
"Prednisolone Acetate 1,0% ey.dro",S01BA04,1,Drop bottle,II,Ocular,Prednisolone
Prednisolone Soluble 5mg tab,H02AB06,30,Tabs/Caps,V,Oral,Prednisolone
Prednisone Bp 5mg tab,H02AB07,100,Tabs/Caps,II,Oral,Prednisone
Prednisone Usp 20mg tab,H02AB07,20,Tabs/Caps,II,Oral,Prednisone
Primidone Bp 250mg tab,N03AA03,100,Tabs/Caps,IV,Oral,Primidone
Probenecid Bp 500mg tab,M04AB01,30,Tabs/Caps,III,Oral,Probenecid
Procainimide 1g inj,C01BA02,1,Amp/Vial,IV,Parenteral,Procainamide
Procarbazine Hcl Usp 50mg caps,L01XB01,50,Tabs/Caps,VIII,Oral,Procarbazine
Prochlorperazine 12.5mg inj,N05AB04,1,Amp/Vial,I,Parenteral,Prochlorperazine
Prochlorperazine Bp 5mg tab,N05AB04,84,Tabs/Caps,I,Oral,Prochlorperazine
Procyclidine Hcl Bp 5mg tab,N04AA04,100,Tabs/Caps,III,Oral,Procyclidine
Progesterone Bp 100mg caps,G03DA04,30,Tabs/Caps,III,Oral,Progesterone
Progesterone Bp 400mg supp,G03DA04,15,Supp,IV,Rectal,Progesterone
Proguanil Hcl 100mg tab,P01BB01,98,Tabs/Caps,IV,Oral,Proguanil
Promethazine Hcl Bp 10mg tab,R06AD02,100,Tabs/Caps,II,Oral,Promethazine
Promethazine Hcl Bp 25mg tab,R06AD02,30,Tabs/Caps,II,Oral,Promethazine
Promethazine Hydrochloride 25mg inj,R06AD02,1,Amp/Vial,I,Parenteral,Promethazine
Propafenone Hci 150mg tab,C01BC03,50,Tabs/Caps,III,Oral,Propafenone
Propofol 200mg inj,N01AX10,1,Amp/Vial,II,Parenteral,Propofol
Propofol 500mg inj,N01AX10,1,Amp/Vial,II,Parenteral,Propofol
Propranolol 10mg tab,C07AA05,50,Tabs/Caps,I,Oral,Propranolol
Propranolol 1mg inj,C07AA05,1,Amp/Vial,II,Parenteral,Propranolol
Propranolol 40mg tab,C07AA05,50,Tabs/Caps,I,Oral,Propranolol
Propylthiouracil Bp 50mg tab,H03BA02,60,Tabs/Caps,III,Oral,Propylthiouracil
Protamine Sulphate 50mg inj,V03AB14,1,Amp/Vial,II,Parenteral,Protamine
Protein In Urine For Testing test,V04B,100,Piece,II,N/A,Protein In Urine For Testing test
Protirelin Trh 200mcg inj,V04CJ02,1,Amp/Vial,V,Parenteral,Protirelin
"Proxymetacaine Hydrochloride 0,5% ey.dro",S01HA04,1,Drop bottle,II,Ocular,Proxymetacaine
Pyrazinamide Bp 500mg tab,J04AK01,15,Tabs/Caps,II,Oral,Pyrazinamide
Pyridostigmine Bromide Bp 60mg tab,N07AA02,50,Tabs/Caps,III,Oral,Pyridostigmine
Pyridoxine 100mg tab,A11HA02,60,Tabs/Caps,II,Oral,Pyridoxine (vit B6)
Pyrimethamine Bp 25mg tab,P01BD01,30,Tabs/Caps,II,Oral,Pyrimethamine
Quetiapine 100mg tab,N05AH04,60,Tabs/Caps,III,Oral,Quetiapine
Quetiapine 200mg tab,N05AH04,60,Tabs/Caps,III,Oral,Quetiapine
Quetiapine 25mg tab,N05AH04,60,Tabs/Caps,II,Oral,Quetiapine
Quinidine Sulphate 200mg tab,C01BA01,100,Tabs/Caps,V,Oral,Quinidine
Quinine Sulphate Bp 300mg tab,P01BC01,100,Tabs/Caps,III,Oral,Quinine
Rabies Vaccine 1 dose inj,J07BG01,1,Amp/Vial,IV,Parenteral,"Rabies, inactivated, whole virus"
Raloxifene 60mg c.tab,G03XC01,28,Tabs/Caps,IV,Oral,Raloxifene
Raltegravir (as potass. salt) 400mg tabs,J05AX08,60,Tabs/Caps,IX,Oral,Raltegravir
"Ramipril 2,5mg t/c",C09AA05,28,Tabs/Caps,I,Oral,Ramipril
Ramipril 5mg t/c,C09AA05,28,Tabs/Caps,I,Oral,Ramipril
Ranitidine 15mg/ml syr,A02BA02,1,Bottle,III,Oral,Ranitidine
Ranitidine Hydrochloride 50mg inj,A02BA02,1,Amp/Vial,I,Parenteral,Ranitidine
Rehydration Powder Oral Co pd.ora.sol,A07CA,12,Sachet,II,Oral,salts
Remifentanil Hydrochloride 1mg inj,N01AH06,1,Amp/Vial,III,Parenteral,Remifentanil
Remifentanil Hydrochloride 2mg inj,N01AH06,1,Amp/Vial,IV,Parenteral,Remifentanil
Remifentanil Hydrochloride 5mg inj,N01AH06,1,Amp/Vial,IV,Parenteral,Remifentanil
Resorcin Bp powd,D10AX02,1000,Gram,VII,Topical,Resorcinol
Ribavirin 200mg caps,J05AB04,168,Tabs/Caps,VII,Oral,Ribavirin
Rifampicin & Isoniazid 300mg & 150mg tab,J04AM02,100,Tabs/Caps,IV,Oral,Rifampicin and isoniazid
Rifampicin 300mg caps,J04AB02,100,Tabs/Caps,IV,Oral,Rifampicin
Rifampicin 600mg inj,J04AB02,1,Amp/Vial,III,Parenteral,Rifampicin
Rifampicin Bp 100mg/5ml syr,J04AB02,1,Bottle,II,Oral,Rifampicin
Rifampicin&Isoniazid 150&100mg tab,J04AM02,84,Tabs/Caps,IV,Oral,Rifampicin and isoniazid
Riluzole 50mg tab,N07XX02,56,Tabs/Caps,VIII,Oral,Riluzole
Risperidone 1mg tab,N05AX08,20,Tabs/Caps,I,Oral,Risperidone
Risperidone 1mg/ml oral.sol,N05AX08,1,Bottle,V,Oral,Risperidone
Risperidone 2mg tab,N05AX08,20,Tabs/Caps,I,Oral,Risperidone
Risperidone 3mg tab,N05AX08,20,Tabs/Caps,I,Oral,Risperidone
Risperidone 4mg tab,N05AX08,20,Tabs/Caps,I,Oral,Risperidone
Risperidone Prol Rel Powder 25mg inj,N05AX08,1,Amp/Vial,VI,Parenteral,Risperidone
"Risperidone Prol Rel Powder 37,5mg inj",N05AX08,1,Amp/Vial,VII,Parenteral,Risperidone
Risperidone Prol Rel Powder 50mg inj,N05AX08,1,Amp/Vial,VII,Parenteral,Risperidone
Ritonavir 100mg caps,J05AE03,30,Tabs/Caps,V,Oral,Ritonavir
Rituximab 100mg inj,L01XC02,1,Amp/Vial,VII,Parenteral,Rituximab
Rituximab 500mg inj,L01XC02,1,Amp/Vial,X,Parenteral,Rituximab
"Rivastigmine 1,5mg caps",N06DA03,30,Tabs/Caps,II,Oral,Rivastigmine
Rivastigmine 3mg caps,N06DA03,30,Tabs/Caps,II,Oral,Rivastigmine
"Rivastigmine 4,5mg caps",N06DA03,30,Tabs/Caps,II,Oral,Rivastigmine
Rivastigmine 6mg caps,N06DA03,30,Tabs/Caps,II,Oral,Rivastigmine
Rocuronium Bromide 50mg inj,M03AC09,1,Amp/Vial,II,Parenteral,Rocuronium bromide
Ropivacaine Hcl 150mg inj,N01BB09,1,Amp/Vial,III,Parenteral,Ropivacaine
"Salbutamol 100mcg/d, 200d inh.sus.p",R03AC02,1,Canister,I,Inhalation,Salbutamol
Salbutamol 2mg/5ml syr,R03CC02,1,Bottle,II,Oral,Salbutamol
Salbutamol 4mg tab,R03CC02,50,Tabs/Caps,II,Oral,Salbutamol
"Salbutamol Nebules 2,5mg sol.inh",R03AC02,1,Amp/Vial,I,Inhalation,Salbutamol
Salbutamol Sulphate 0.5mg inj,R03CC02,1,Amp/Vial,I,Parenteral,Salbutamol
"Salmet Xinaf 50mcg/d, 60d inh.pd.dos",R03AC12,1,Canister,IV,Inhalation,Salmeterol
"Salmet&Flutic 50&100mcg/d,60d pd.inh.",R03AK06,1,Canister,III,Inhalation,Salmeterol and other drugs for obstructive airway diseases
"Salmet&Flutic 50&250mcg/d,60d pd.inh.",R03AK06,1,Canister,IV,Inhalation,Salmeterol and other drugs for obstructive airway diseases
"Salmet&Flutic 50&500mcg/d,60d inh.pd.dos",R03AK06,1,Canister,IV,Inhalation,Salmeterol and other drugs for obstructive airway diseases
"Salmeterol 25mcg/dose, 120d inh.sus.p",R03AC12,1,Canister,IV,Inhalation,Salmeterol
Saquinavir 500mg f.c.t,J05AE01,120,Tabs/Caps,VIII,Oral,Saquinavir
Selegiline Hcl 5mg tab,N04BD01,50,Tabs/Caps,III,Oral,Selegiline
"Senna Bp 7,5mg tab",A06AB06,100,Tabs/Caps,II,Oral,Senna glycosides
Sennosides A & B 2mg/ml syr,A06AB06,1,Bottle,II,Oral,Senna glycosides
Sevelamer 800mg tab,V03AE02,180,Tabs/Caps,VII,Oral,Sevelamer
Sevoflurane 100% inh.vap.li,N01AB08,1,Bottle,VII,Inhalation,Sevoflurane
Sildenafil (as citrate) 20mg tabs,G04BE03,90,Tabs/Caps,VIII,Oral,Sildenafil
Silicone Gel Sheeting,D02AA,1,Piece,IV,Topical,Silicone Gel Sheeting
Silver Sulfadiazine <50g 1% cream,D06BA01,1,Tube,II,Topical,Silver sulfadiazine
"Silver Sulfadiazine 1%, >200g cream",D06BA01,1,Canister,IV,Topical,Silver sulfadiazine
Simvastatin 10mg tab,C10AA01,28,Tabs/Caps,I,Oral,Simvastatin
Simvastatin 20mg tab,C10AA01,28,Tabs/Caps,I,Oral,Simvastatin
Simvastatin 40mg tab,C10AA01,28,Tabs/Caps,I,Oral,Simvastatin
Sirolimus 1mg tab,L04AA10,30,Tabs/Caps,VII,Oral,Sirolimus
Sitagliptin Phosphate 100mg tabs,A10BH01,28,Tabs/Caps,IV,Oral,Sitagliptin
Snake Venom Antisera 10ml inj,J06AA03,1,Amp/Vial,VI,Parenteral,Snake venom antiserum
Sod.Phos Coh. (Laxatives Adult) enema,A06AG01,1,Tube,I,Rectal,Sodium phosphate
"Sodium Bicarb Inf 8,4%, 100ml inj",B05XA02,1,Bottle,II,Parenteral,Sodium bicarbonate
Sodium Bicarbonate 500mg caps,B05CB04,56,Tabs/Caps,III,Oral,Sodium bicarbonate
"Sodium Chl (N/S) Plc 0,9%, 100ml inj",B05XA03,1,Bottle,I,Parenteral,Sodium chloride
"Sodium Chl (N/S) Plc 0,9%, 250ml inj",B05XA03,1,Bottle,I,Parenteral,Sodium chloride
"Sodium Chl (N/S) Plc 0,9%, 50ml inj",B05XA03,1,Bottle,I,Parenteral,Sodium chloride
"Sodium Chl 0.9%, 1000ml irrig.sol",V07AB,1,Bottle,I,,"Sodium Chl 0.9%, 1000ml irrig.sol"
"Sodium Chl Collap 0.9% w/v, 1000ml inj",B05XA03,1,Bt / Bag,II,Parenteral,Sodium chloride
"Sodium Chl Inf Plc 0.9%, 1000ml inj",B05XA03,1,Bottle,I,Parenteral,Sodium chloride
"Sodium Chl Inf Plc 0.9%, 500ml inj",B05XA03,1,Bottle,I,Parenteral,Sodium chloride
"Sodium Chloride (N.S) 3%, 250ml inj",B05XA03,1,Bottle,II,Parenteral,Sodium chloride
"Sodium Chloride 15%, 10ml inj",B05XA03,1,Amp/Vial,I,Parenteral,Sodium chloride
Sodium Citrate/Citric Ac 120ml solut,A09AB04,1,Bottle,II,Oral,Citric acid
Sodium Cromoglycate 2% w/v ey.dro,S01GX01,1,Drop bottle,II,Ocular,Cromoglicic acid
Sodium Lactate Co Plc 1000ml inj,B05BB01,1,Bottle,I,Parenteral,Electrolytes
Sodium Lactate Co Plc 500ml inj,B05BB01,1,Bottle,I,Parenteral,Electrolytes
Sodium Nitrite 300mg inj,V03AB08,1,Amp/Vial,III,Parenteral,Sodium nitrite
"Sodium Polyst Sulph 99,93%,450-500g powd",V03AE01,1,Canister,IV,Oral,Polystyrene sulfonate
Sodium Thiosulphate 25g inj,V03AB06,1,Amp/Vial,IV,Parenteral,Thiosulfate
Sodium Valproate 200mg/ml oral.sol,N03AG01,1,Bottle,II,Oral,Valproic acid
Sodium Valproate 400mg inj,N03AG01,1,Amp/Vial,II,Parenteral,Valproic acid
Sodium Valproate 500mg srt,N03AG01,30,Tabs/Caps,II,Oral,Valproic acid
Sodium Valproate Bp 200mg ect,N03AG01,40,Tabs/Caps,II,Oral,Valproic acid
Sodium Valproate Bp 500mg ect,N03AG01,40,Tabs/Caps,II,Oral,Valproic acid
Somatotropin 30 I.U. inj,H01AC01,1,Cartridge / Pen,V,Parenteral,Somatropin
Sorafenib 200mg tab,L01XE05,112,Tabs/Caps,X,Oral,Sorafenib
Sotalol Hcl 80mg tab,C07AA07,50,Tabs/Caps,II,Oral,Sotalol
"Spiramycin 3,0 MI.U. tab",J01FA02,16,Tabs/Caps,IV,Oral,Spiramycin
Spironolactone 100mg tab,C03DA01,50,Tabs/Caps,II,Oral,Spironolactone
Spironolactone 25mg tab,C03DA01,50,Tabs/Caps,II,Oral,Spironolactone
Stavudine 40mg caps,J05AF04,56,Tabs/Caps,VII,Oral,Stavudine
Sterile Non Greasy Lubricating gel,V07AY,1,Tube,II,Topical,Sterile Non Greasy Lubricating gel
Streptokinase 1.500.000 I.U. inj,B01AD01,1,Amp/Vial,VII,Parenteral,"Streptokinase, combinations"
Streptomycin Sulphate 1g inj,J01GA01,1,Amp/Vial,IV,Parenteral,Streptomycin
Streptozotocin 1g inj,L01AD04,1,Amp/Vial,VIII,Parenteral,Streptozocin
Strontium Ranelate 2g gra.or.sus,M05BX03,28,Sachet,IV,Oral,Strontium ranelate
Succinylated Gelatin&Electrolytes 4% inj,B05AA06,1,Bt / Bag,II,Parenteral,Gelatin agents
Sugammadex 200mg sol for inj,V03AB35,1,Amp/Vial,VI,Parenteral,sugammadex
Sulphasalazine 500mg ect,A07EC01,112,Tabs/Caps,IV,Oral,Sulfasalazine
Sulpiride 100mg inj,N05AL01,1,Amp/Vial,II,Parenteral,Sulpiride
Sulpiride 50mg t/c,N05AL01,50,Tabs/Caps,II,Oral,Sulpiride
Sulprostone 500mcg inj,G02AD05,1,Amp/Vial,IV,Parenteral,Sulprostone
Sunitinib 50mg caps,L01XE04,30,Tabs/Caps,X,Oral,Sunitinib
"Sunitinib 12,5mg caps",L01XE04,30,Tabs/Caps,X,Oral,Sunitinib
Sunitinib 25mg caps,L01XE04,30,Tabs/Caps,X,Oral,Sunitinib
Suxamethonium Chloride 100mg inj,M03AB01,1,Amp/Vial,I,Parenteral,Suxamethonium
"Tacrolimus 0,5mg caps",L04AD02,30,Tabs/Caps,IV,Oral,Tacrolimus
Tacrolimus 0.03% oint,D11AH01,1,Tube,IV,Topical,Tacrolimus
Tacrolimus 0.1% oint,D11AH01,1,Tube,IV,Topical,Tacrolimus
Tacrolimus 1mg caps,L04AD02,30,Tabs/Caps,V,Oral,Tacrolimus
Tamoxifen 20mg tab,L02BA01,30,Tabs/Caps,II,Oral,Tamoxifen
"Tamsulosin Hci 0,4mg caps",G04CA02,30,Tabs/Caps,II,Oral,Tamsulosin
Temozolamide 20mg caps,L01AX03,5,Tabs/Caps,IV,Oral,Temozolomide
Temozolomide 140mg caps,L01AX03,5,Tabs/Caps,VII,Oral,Temozolomide
Temozolomide 180mg caps,L01AX03,5,Tabs/Caps,VII,Oral,Temozolomide
Temozolomide 250mg caps,L01AX03,5,Tabs/Caps,VIII,Oral,Temozolomide
Temozolomide 5mg caps,L01AX03,5,Tabs/Caps,III,Oral,Temozolomide
Temozolomide 100mg caps,L01AX03,5,Tabs/Caps,VII,Oral,Temozolomide
Temsirolimus 30mg inj,L01XE09,1,Amp/Vial,IX,Parenteral,temsirolimus
Tenecteplace 50mg inj,B01AD11,1,Amp/Vial,IX,Parenteral,Tenecteplase
Teniposide 50mg inj,L01CB02,1,Amp/Vial,V,Parenteral,Teniposide
Tenofovir Disoproxil 245mg c.tab,J05AF07,30,Tabs/Caps,VIII,Oral,Tenofovir disoproxil
Tenoxicam 20mg tab,M01AC02,10,Tabs/Caps,II,Oral,Tenoxicam
Terazosin 5mg tab,G04CA03,28,Tabs/Caps,II,Oral,Terazosin
Terbinafin 250mg tab,D01BA02,14,Tabs/Caps,II,Oral,Terbinafine
Terbinafine hydrochlorid 1% cream,D01AE15,1,Tube,II,Topical,Terbinafine
Teriparatide Pr.pen20mcg/do(28do) Inj.,H05AA02,1,Cartridge / Pen,VIII,Parenteral,Teriparatide
Testosteron Enanthate 250mg inj,G03BA03,1,Amp/Vial,II,Parenteral,Testosterone
Tetrabenazine 25mg tab,N07XX06,112,Tabs/Caps,VII,Oral,Tetrabenazine
Tetracosactrin 0.25mg inj,H01AA02,1,Amp/Vial,II,Parenteral,Tetracosactide
Tetracycline Bp 250mg caps,J01AA07,100,Tabs/Caps,II,Oral,Tetracycline
Tetracycline hydrochloride 3% oint.,D06AA04,1,Tube,II,Topical,Tetracycline
Thalidomide 50mg tab,L04AX02,1,Tabs/Caps,V,Oral,Thalidomide
Thioguanine Bp 40mg tab,L01BB03,25,Tabs/Caps,VII,Oral,Tioguanine
Thiopentone Sodium 1g inj,N01AF03,1,Amp/Vial,II,Parenteral,Thiopental
Thioridazine Bp 100mg tab,N05AC02,30,Tabs/Caps,IV,Oral,Thioridazine
Thioridazine Bp 10mg tab,N05AC02,30,Tabs/Caps,II,Oral,Thioridazine
Thioridazine Bp 25mg tab,N05AC02,30,Tabs/Caps,II,Oral,Thioridazine
Thymocin Alpha 1.6mg inj,L03AX,1,Amp/Vial,VI,Parenteral,thymosin
Thyrotropin 0.9mg inj,V04CJ01,1,Amp/Vial,VIII,Parenteral,Thyrotropin
Thyroxine Bp 100mcg tab,H03AA01,100,Tabs/Caps,II,Oral,Levothyroxine sodium
Thyroxine Bp 50mcg tab,H03AA01,100,Tabs/Caps,II,Oral,Levothyroxine sodium
Tiagabine 10mg tab,N03AG06,100,Tabs/Caps,VI,Oral,Tiagabine
Tiapride 100mg tab,N05AL03,20,Tabs/Caps,II,Oral,Tiapride
"Tibolone 2,5mg tab",G03CX01,30,Tabs/Caps,IV,Oral,Tibolone
"Ticarcillin&Clavulan Acid 3,2g inj",J01CR03,1,Amp/Vial,III,Parenteral,Ticarcillin and enzyme inhibitor
Ticlopidine Hcl 250mg tab,B01AC05,20,Tabs/Caps,II,Oral,Ticlopidine
Tigecycline 50mg inj,J01AA12,1,Amp/Vial,V,Parenteral,Tigecycline
"Timolol Maleate 0,5% ey.dro",S01ED01,1,Drop bottle,I,Ocular,Timolol
Tiopronin 250mg tab,R05CB12,100,Tabs/Caps,VI,Oral,Tiopronin
Tiotropium 18mcg caps.inh,R03BB04,30,Tabs/Caps,V,Inhalation,Tiotropium bromide
"Tirofiban 12,5mg inj",B01AC17,1,Amp/Vial,VII,Parenteral,Tirofiban
Tizanidine 2mg tab,M03BX02,120,Tabs/Caps,IV,Oral,Tizanidine
Tizanidine 4mg tab,M03BX02,120,Tabs/Caps,V,Oral,Tizanidine
"Tobramycin 0,3% ey.dro",S01AA12,1,Drop bottle,I,Ocular,Tobramycin
Tobramycin 0.3% eye.oint,S01AA12,1,Tube,II,Ocular,Tobramycin
Tobramycin 300mg sol.inh,J01GB01,1,Amp/Vial,V,Inhalation,Tobramycin
Tobramycin Sulfate 75-80mg inj,J01GB01,1,Amp/Vial,II,Parenteral,Tobramycin
Topiramate 100mg tab,N03AX11,60,Tabs/Caps,III,Oral,Topiramate
Topiramate 200mg tab,N03AX11,60,Tabs/Caps,IV,Oral,Topiramate
Topiramate 25mg tab,N03AX11,60,Tabs/Caps,II,Oral,Topiramate
Topiramate 50mg tab,N03AX11,60,Tabs/Caps,II,Oral,Topiramate
Topiramate (Sprinkle) 50mg caps,N03AX11,60,Tabs/Caps,V,Oral,Topiramate
Topiramate 15mg caps,N03AX11,60,Tabs/Caps,III,Oral,Topiramate
Topiramate 25mg caps,N03AX11,60,Tabs/Caps,IV,Oral,Topiramate
Topotecan 4mg inj,L01XX17,1,Amp/Vial,V,Parenteral,Topotecan
Tranexamic Acid 500mg inj,B02AA02,1,Amp/Vial,I,Parenteral,Tranexamic acid
Tranexamic Acid 500mg tab,B02AA02,20,Tabs/Caps,II,Oral,Tranexamic acid
Trastuzumab 150mg inj,L01XC03,1,Amp/Vial,IX,Parenteral,Trastuzumab
Tri-Iodothyronine 20mcg inj,H03AA02,1,Amp/Vial,VII,Parenteral,Liothyronine sodium
Triamcinolone acetonide 40mg susp.inj,S01BA05,1,Amp/Vial,IV,Intraoccular,triamcinolone
Trifluoperazine 10mg src,N05AB06,20,Tabs/Caps,II,Oral,Trifluoperazine
Trifluoperazine 2mg src,N05AB06,20,Tabs/Caps,II,Oral,Trifluoperazine
Trifluoperazine Bp 5mg tab,N05AB06,20,Tabs/Caps,II,Oral,Trifluoperazine
Trimetazidine 20mg tab,C01EB15,60,Tabs/Caps,II,Oral,Trimetazidine
Trimethoprim 50mg/5ml oral.susp,J01EA01,1,Bottle,II,Oral,Trimethoprim
"Triprolid&Pseud 1,25&30mg/5ml oral.sol",R01BA52,1,Bottle,II,Oral,"Pseudoephedrine, combinations"
Triptorelin 3.75mg inj,L02AE04,1,Syringe / Vials,VI,Parenteral,Triptorelin
"Tropicamide 0,5% ey.dro",S01FA06,1,Drop bottle,I,Ocular,Tropicamide
Typhoid Vaccine 1 dose inj,J07AP03,1,Amp/Vial,III,Parenteral,"Typhoid, purified polysaccharide antigen"
Ubidecaronone 100mg caps,C01EB09,90,Tabs/Caps,III,Oral,Ubidecarenone
Ultrasound Transmission <1L gel,V07AY,1,Bottle,I,Topical,Ultrasound Transmission <1L gel
Urea & Hydrocortisone 10%&1% cream,D07XA01,1,Tube,II,Topical,Hydrocortisone
Urea Bp 10% cream,D02,1,Tube,II,Topical,urea
Urea Lotion 10% lot,D02,1,Bottle,II,Topical,urea
Urofollitropin (Fsh) 75 I.U. inj,G03GA04,1,Amp/Vial,III,Parenteral,Urofollitropin
Urokinase 10.000 I.U. inj,B01AD04,1,Amp/Vial,V,Parenteral,Urokinase
Ursodeoxycholic Acid 250mg caps,A05AA02,20,Tabs/Caps,II,Oral,Ursodeoxycholic acid
Ustekinumab 45mg sol for inj,L04AC05,1,Amp/Vial,X,Parenteral,ustekinumab
Valacyclovir 500mg tab,J05AB11,42,Tabs/Caps,VI,Oral,Valaciclovir
Valganciclovir 450mg f.c.tab,J05AB14,60,Tabs/Caps,X,Oral,Valganciclovir
Valsartan 160mg caps,C09CA03,28,Tabs/Caps,II,Oral,Valsartan
Valsartan 40mg caps,C09CA03,28,Tabs/Caps,II,Oral,Valsartan
Valsartan 80mg caps,C09CA03,28,Tabs/Caps,II,Oral,Valsartan
Vancomycin Hydrochloride 1g inj,J01XA01,1,Amp/Vial,II,Parenteral,Vancomycin
Venlafaxine Xr 150mg pr.ca,N06AX16,30,Tabs/Caps,II,Oral,Venlafaxine
Venlafaxine Xr 75mg pr.ca,N06AX16,60,Tabs/Caps,II,Oral,Venlafaxine
Verapamil Hcl 40mg tab,C08DA01,50,Tabs/Caps,I,Oral,Verapamil
Verapamil Hcl 80mg tab,C08DA01,40,Tabs/Caps,I,Oral,Verapamil
Verapamil Hydrochloride 5mg inj,C08DA01,1,Amp/Vial,II,Parenteral,Verapamil
Vesanoid 10mg caps,L01XX14,100,Tabs/Caps,VII,Oral,Tretinoin
Vigabatrin gra.or.sol,N03AG04,50,Sachet,V,oral,Vigabatrin
Vigabatrin 500mg tab,N03AG04,100,Tabs/Caps,V,Oral,Vigabatrin
Vinblastine Sulphate 10mg inj,L01CA01,1,Amp/Vial,III,Parenteral,Vinblastine
Vincristine 1mg inj,L01CA02,1,Amp/Vial,III,Parenteral,Vincristine
Vindesine Sulphate 5mg inj,L01CA03,1,Amp/Vial,VI,Parenteral,Vindesine
Vinorelbine Tartrate 50mg inj,L01CA04,1,Amp/Vial,VI,Parenteral,Vinorelbine
Vitamin B Compound inj,A11EA,1,Amp/Vial,I,Parenteral,vitamins B
Vitamin B1&B2&B3&B6 5&2&20&2mg f.c.t,A11EA,100,Tabs/Caps,I,Oral,vitamins B
Vitamin E 100 I.U. t/c,A11HA03,120,Tabs/Caps,II,Oral,Tocopherol (vit E)
Vitamin E 400 I.U. caps,A11HA03,60,Tabs/Caps,II,Oral,Tocopherol (vit E)
Voriconazole 200mg inj,J02AC03,1,Amp/Vial,VI,Parenteral,Voriconazole
Voriconazole 200mg tab,J02AC03,14,Tabs/Caps,VIII,Oral,Voriconazole
Warfarin Bp 1mg tab,B01AA03,28,Tabs/Caps,I,Oral,Warfarin
Warfarin Bp 3mg tab,B01AA03,28,Tabs/Caps,I,Oral,Warfarin
Warfarin Bp 5mg tab,B01AA03,28,Tabs/Caps,I,Oral,Warfarin
Water For Injection 10ml inj,V07AB,1,Amp/Vial,I,Parenteral,Water For Injection 10ml inj
Water For Injection Plc 500ml inj,V07AB,1,Bottle,I,Parenteral,Water For Injection Plc 500ml inj
White Soft Paraffin Bp oint,D02AC,500,Gram,II,Topical,paraffin
Xylometazoline Hcl 0.1% w/v nas.spr,R01AA07,1,Bottle,II,Nasal,Xylometazoline
Yellow Fever Vaccine Live 1 dose inj,J07BL01,1,Amp/Vial,IV,Parenteral,"Yellow fever, live attenuated"
Zidovudine 200mg inj,J05AF01,1,Amp/Vial,IV,Parenteral,Zidovudine
Zidovudine 300mg tab,J05AF01,60,Tabs/Caps,VII,Oral,Zidovudine
Zidovudine-Azt 50mg/5ml syr,J05AF01,1,Bottle,V,Oral,Zidovudine
Zinc Oxide & Castor Oil BP/EP cream,D02AB,1,Tube,I,Topical,zinc oxide
"Zinc Sulph & Naphaz 0,2mg, 0,05mg ey.dro",S01GA51,1,Drop bottle,I,Ocular,"Naphazoline, combinations"
Zinc Undecenoate Dusting 70-100g powd,D01AE04,1,Container,II,Topical,Undecylenic acid
"Zinc,Starch&Talc Dusting 100-200g powd",D02AB,1,Container,II,Topical,zinc oxide
Ziprasidone 20mg caps,N05AE04,56,Tabs/Caps,III,Oral,Ziprasidone
Ziprasidone 40mg caps,N05AE04,56,Tabs/Caps,IV,Oral,Ziprasidone
Ziprasidone 60mg caps,N05AE04,56,Tabs/Caps,IV,Oral,Ziprasidone
Ziprasidone 80mg caps,N05AE04,56,Tabs/Caps,IV,Oral,Ziprasidone
Zoledronic Acid 4mg inj,M05BA08,1,Amp/Vial,VIII,Parenteral,Zoledronic acid
Zuclopenthixol 10mg tab,N05AF05,50,Tabs/Caps,III,Oral,Zuclopenthixol
Zuclopenthixol 20mg/ml or.so.d,N05AF05,1,Bottle,III,oral,Zuclopenthixol
Zuclopenthixol 25mg tab,N05AF05,50,Tabs/Caps,IV,Oral,Zuclopenthixol
Zuclopenthixol 2mg tab,N05AF05,100,Tabs/Caps,II,Oral,Zuclopenthixol
Zuclopenthixol Acetate 50mg inj,N05AF05,1,Amp/Vial,III,Parenteral,Zuclopenthixol
Zuclopenthixol Decanoate 200mg inj,N05AF05,1,Amp/Vial,II,Parenteral,Zuclopenthixol
Zuclopenthixol Decanoate 500mg inj,N05AF05,1,Amp/Vial,III,Parenteral,Zuclopenthixol
